2026-05-29 14:39:46,060 [INFO] echostream.server: listening on 0.0.0.0:9998 model=yolov8s-world.pt classes=['person'] device=mps
2026-05-29 14:39:46,060 [INFO] echostream.server: heatmap padding min=0.08 max=0.50 small_area=0.010 large_area=0.200
2026-05-29 14:39:46,061 [INFO] echostream.frame_relay: FrameRelayServer listening on :9996
2026-05-29 14:39:46,398 [INFO] echostream.frame_relay: relay:9996 UI connected from ('127.0.0.1', 56237)
2026-05-29 14:39:48,694 [INFO] echostream.server: connection from ('127.0.0.1', 56239)
2026-05-29 14:39:48,695 [INFO] echostream.server: FPS handshake received: 15.00  frame_duration_ms=66
2026-05-29 14:39:48,697 [INFO] echostream.server: server artifacts -> /Users/ninjadare/Desktop/ss_runs
2026-05-29 14:39:49,714 [INFO] echostream.server: heatmap padding pct=0.080 box_area_ratio=0.2848 box=360.0x243.0
2026-05-29 14:39:49,972 [INFO] echostream.server: heatmap padding pct=0.080 box_area_ratio=0.3422 box=434.3x242.0
2026-05-29 14:39:50,048 [INFO] echostream.server: heatmap padding pct=0.080 box_area_ratio=0.3180 box=406.8x240.2
2026-05-29 14:39:50,096 [INFO] echostream.server: heatmap padding pct=0.080 box_area_ratio=0.2661 box=350.2x233.4
2026-05-29 14:39:50,137 [INFO] echostream.server: heatmap padding pct=0.080 box_area_ratio=0.2739 box=367.5x229.0
2026-05-29 14:39:50,201 [INFO] echostream.server: heatmap padding pct=0.080 box_area_ratio=0.2823 box=384.6x225.5
2026-05-29 14:39:50,521 [INFO] echostream.server: heatmap padding pct=0.080 box_area_ratio=0.2946 box=406.9x222.4
2026-05-29 14:39:50,558 [INFO] echostream.server: heatmap padding pct=0.080 box_area_ratio=0.2998 box=420.9x218.8
2026-05-29 14:39:50,624 [INFO] echostream.server: heatmap padding pct=0.080 box_area_ratio=0.2954 box=425.4x213.3
2026-05-29 14:39:50,666 [INFO] echostream.server: heatmap padding pct=0.080 box_area_ratio=0.2827 box=420.2x206.7
2026-05-29 14:39:50,727 [INFO] echostream.server: heatmap padding pct=0.080 box_area_ratio=0.2700 box=411.0x201.8
2026-05-29 14:39:50,952 [INFO] echostream.server: heatmap padding pct=0.080 box_area_ratio=0.2746 box=416.2x202.7
2026-05-29 14:39:50,987 [INFO] echostream.server: heatmap padding pct=0.080 box_area_ratio=0.2828 box=417.7x208.0
2026-05-29 14:39:51,027 [INFO] echostream.server: heatmap padding pct=0.080 box_area_ratio=0.2885 box=407.9x217.2
2026-05-29 14:39:51,058 [INFO] echostream.server: heatmap padding pct=0.080 box_area_ratio=0.3023 box=410.9x226.0
2026-05-29 14:39:51,094 [INFO] echostream.server: heatmap padding pct=0.080 box_area_ratio=0.3120 box=410.7x233.4
2026-05-29 14:39:51,302 [INFO] echostream.server: heatmap padding pct=0.080 box_area_ratio=0.3262 box=417.0x240.3
2026-05-29 14:39:51,337 [INFO] echostream.server: heatmap padding pct=0.080 box_area_ratio=0.3330 box=418.4x244.5
2026-05-29 14:39:51,371 [INFO] echostream.server: heatmap padding pct=0.080 box_area_ratio=0.3345 box=417.7x246.0
2026-05-29 14:39:51,403 [INFO] echostream.server: heatmap padding pct=0.080 box_area_ratio=0.3351 box=416.5x247.2
2026-05-29 14:39:51,437 [INFO] echostream.server: heatmap padding pct=0.080 box_area_ratio=0.3364 box=418.0x247.2
2026-05-29 14:39:51,611 [INFO] echostream.server: heatmap padding pct=0.080 box_area_ratio=0.3434 box=423.5x249.1
2026-05-29 14:39:51,640 [INFO] echostream.server: heatmap padding pct=0.080 box_area_ratio=0.3498 box=431.1x249.3
2026-05-29 14:39:51,673 [INFO] echostream.server: heatmap padding pct=0.080 box_area_ratio=0.3554 box=432.3x252.6
2026-05-29 14:39:51,709 [INFO] echostream.server: heatmap padding pct=0.080 box_area_ratio=0.3602 box=432.3x256.0
2026-05-29 14:39:51,744 [INFO] echostream.server: heatmap padding pct=0.080 box_area_ratio=0.3644 box=433.5x258.2
2026-05-29 14:39:51,950 [INFO] echostream.server: heatmap padding pct=0.080 box_area_ratio=0.3703 box=438.0x259.7
2026-05-29 14:39:51,982 [INFO] echostream.server: heatmap padding pct=0.080 box_area_ratio=0.3769 box=442.0x261.9
2026-05-29 14:39:52,015 [INFO] echostream.server: heatmap padding pct=0.080 box_area_ratio=0.3790 box=443.9x262.3
2026-05-29 14:39:52,046 [INFO] echostream.server: heatmap padding pct=0.080 box_area_ratio=0.3784 box=443.4x262.2
2026-05-29 14:39:52,076 [INFO] echostream.server: heatmap padding pct=0.080 box_area_ratio=0.3772 box=441.5x262.5
2026-05-29 14:39:52,263 [INFO] echostream.server: heatmap padding pct=0.080 box_area_ratio=0.3781 box=442.5x262.5
2026-05-29 14:39:52,301 [INFO] echostream.server: heatmap padding pct=0.080 box_area_ratio=0.3803 box=444.2x263.0
2026-05-29 14:39:52,331 [INFO] echostream.server: heatmap padding pct=0.080 box_area_ratio=0.3788 box=442.2x263.2
2026-05-29 14:39:52,361 [INFO] echostream.server: heatmap padding pct=0.080 box_area_ratio=0.3770 box=440.9x262.7
2026-05-29 14:39:52,394 [INFO] echostream.server: heatmap padding pct=0.080 box_area_ratio=0.3811 box=445.4x262.9
2026-05-29 14:39:52,586 [INFO] echostream.server: heatmap padding pct=0.080 box_area_ratio=0.3777 box=442.2x262.4
2026-05-29 14:39:52,622 [INFO] echostream.server: heatmap padding pct=0.080 box_area_ratio=0.3743 box=439.6x261.6
2026-05-29 14:39:52,653 [INFO] echostream.server: heatmap padding pct=0.080 box_area_ratio=0.3738 box=438.8x261.7
2026-05-29 14:39:52,683 [INFO] echostream.server: heatmap padding pct=0.080 box_area_ratio=0.3741 box=439.1x261.8
2026-05-29 14:39:52,715 [INFO] echostream.server: heatmap padding pct=0.080 box_area_ratio=0.3778 box=442.3x262.4
2026-05-29 14:39:52,898 [INFO] echostream.server: heatmap padding pct=0.080 box_area_ratio=0.3794 box=442.4x263.4
2026-05-29 14:39:52,936 [INFO] echostream.server: heatmap padding pct=0.080 box_area_ratio=0.3806 box=443.0x264.0
2026-05-29 14:39:52,967 [INFO] echostream.server: heatmap padding pct=0.080 box_area_ratio=0.3797 box=441.5x264.2
2026-05-29 14:39:52,997 [INFO] echostream.server: heatmap padding pct=0.080 box_area_ratio=0.3850 box=444.6x266.0
2026-05-29 14:39:53,030 [INFO] echostream.server: heatmap padding pct=0.080 box_area_ratio=0.3869 box=445.3x266.9
2026-05-29 14:39:53,210 [INFO] echostream.server: heatmap padding pct=0.080 box_area_ratio=0.3909 box=447.2x268.5
2026-05-29 14:39:53,250 [INFO] echostream.server: heatmap padding pct=0.080 box_area_ratio=0.3905 box=446.5x268.7
2026-05-29 14:39:53,284 [INFO] echostream.server: heatmap padding pct=0.080 box_area_ratio=0.3934 box=447.0x270.4
2026-05-29 14:39:53,318 [INFO] echostream.server: heatmap padding pct=0.080 box_area_ratio=0.4020 box=452.4x272.9
2026-05-29 14:39:53,347 [INFO] echostream.server: heatmap padding pct=0.080 box_area_ratio=0.4002 box=447.4x274.8
2026-05-29 14:39:53,542 [INFO] echostream.server: heatmap padding pct=0.080 box_area_ratio=0.3936 box=437.8x276.2
2026-05-29 14:39:53,580 [INFO] echostream.server: heatmap padding pct=0.080 box_area_ratio=0.3897 box=433.5x276.2
2026-05-29 14:39:53,610 [INFO] echostream.server: heatmap padding pct=0.080 box_area_ratio=0.4012 box=449.5x274.2
2026-05-29 14:39:53,639 [INFO] echostream.server: heatmap padding pct=0.080 box_area_ratio=0.4066 box=455.8x274.1
2026-05-29 14:39:53,667 [INFO] echostream.server: heatmap padding pct=0.080 box_area_ratio=0.4020 box=447.9x275.7
2026-05-29 14:39:53,861 [INFO] echostream.server: heatmap padding pct=0.080 box_area_ratio=0.4101 box=457.2x275.5
2026-05-29 14:39:53,895 [INFO] echostream.server: heatmap padding pct=0.080 box_area_ratio=0.4151 box=463.1x275.3
2026-05-29 14:39:53,929 [INFO] echostream.server: heatmap padding pct=0.080 box_area_ratio=0.4187 box=465.4x276.3
2026-05-29 14:39:53,958 [INFO] echostream.server: heatmap padding pct=0.080 box_area_ratio=0.4238 box=470.1x276.9
2026-05-29 14:39:53,986 [INFO] echostream.server: heatmap padding pct=0.080 box_area_ratio=0.4164 box=459.6x278.3
2026-05-29 14:39:54,194 [INFO] echostream.server: heatmap padding pct=0.080 box_area_ratio=0.4070 box=447.2x279.6
2026-05-29 14:39:54,228 [INFO] echostream.server: heatmap padding pct=0.080 box_area_ratio=0.4017 box=440.3x280.3
2026-05-29 14:39:54,258 [INFO] echostream.server: heatmap padding pct=0.080 box_area_ratio=0.3988 box=437.7x279.9
2026-05-29 14:39:54,285 [INFO] echostream.server: heatmap padding pct=0.080 box_area_ratio=0.3977 box=438.8x278.4
2026-05-29 14:39:54,317 [INFO] echostream.server: heatmap padding pct=0.080 box_area_ratio=0.3994 box=441.3x278.1
2026-05-29 14:39:54,569 [INFO] echostream.server: heatmap padding pct=0.080 box_area_ratio=0.4216 box=465.1x278.5
2026-05-29 14:39:54,608 [INFO] echostream.server: heatmap padding pct=0.080 box_area_ratio=0.4229 box=466.1x278.8
2026-05-29 14:39:54,644 [INFO] echostream.server: heatmap padding pct=0.080 box_area_ratio=0.4282 box=473.5x277.8
2026-05-29 14:39:54,678 [INFO] echostream.server: heatmap padding pct=0.080 box_area_ratio=0.4243 box=471.2x276.6
2026-05-29 14:39:54,709 [INFO] echostream.server: heatmap padding pct=0.080 box_area_ratio=0.4139 box=459.7x276.6
2026-05-29 14:39:54,943 [INFO] echostream.server: heatmap padding pct=0.080 box_area_ratio=0.3990 box=444.0x276.1
2026-05-29 14:39:54,979 [INFO] echostream.server: heatmap padding pct=0.080 box_area_ratio=0.4040 box=450.9x275.3
2026-05-29 14:39:55,012 [INFO] echostream.server: heatmap padding pct=0.080 box_area_ratio=0.4065 box=452.4x276.0
2026-05-29 14:39:55,051 [INFO] echostream.server: heatmap padding pct=0.080 box_area_ratio=0.4068 box=451.9x276.5
2026-05-29 14:39:55,078 [INFO] echostream.server: heatmap padding pct=0.080 box_area_ratio=0.4116 box=455.7x277.4
2026-05-29 14:39:55,302 [INFO] echostream.server: heatmap padding pct=0.080 box_area_ratio=0.4184 box=461.5x278.5
2026-05-29 14:39:55,341 [INFO] echostream.server: heatmap padding pct=0.080 box_area_ratio=0.4123 box=454.8x278.5
2026-05-29 14:39:55,381 [INFO] echostream.server: heatmap padding pct=0.080 box_area_ratio=0.4001 box=442.5x277.8
2026-05-29 14:39:55,418 [INFO] echostream.server: heatmap padding pct=0.080 box_area_ratio=0.3960 box=439.6x276.8
2026-05-29 14:39:55,453 [INFO] echostream.server: heatmap padding pct=0.080 box_area_ratio=0.3959 box=440.4x276.2
2026-05-29 14:39:55,675 [INFO] echostream.server: heatmap padding pct=0.080 box_area_ratio=0.3937 box=435.7x277.6
2026-05-29 14:39:55,717 [INFO] echostream.server: heatmap padding pct=0.080 box_area_ratio=0.3929 box=433.4x278.5
2026-05-29 14:39:55,756 [INFO] echostream.server: heatmap padding pct=0.080 box_area_ratio=0.3923 box=431.9x279.0
2026-05-29 14:39:55,796 [INFO] echostream.server: heatmap padding pct=0.080 box_area_ratio=0.3972 box=437.9x278.6
2026-05-29 14:39:55,827 [INFO] echostream.server: heatmap padding pct=0.080 box_area_ratio=0.4010 box=441.7x278.9
2026-05-29 14:39:56,057 [INFO] echostream.server: heatmap padding pct=0.080 box_area_ratio=0.3979 box=436.2x280.2
2026-05-29 14:39:56,096 [INFO] echostream.server: heatmap padding pct=0.080 box_area_ratio=0.3958 box=434.6x279.8
2026-05-29 14:39:56,137 [INFO] echostream.server: heatmap padding pct=0.080 box_area_ratio=0.3940 box=433.2x279.4
2026-05-29 14:39:56,176 [INFO] echostream.server: heatmap padding pct=0.080 box_area_ratio=0.3925 box=433.7x278.0
2026-05-29 14:39:56,205 [INFO] echostream.server: heatmap padding pct=0.080 box_area_ratio=0.3930 box=433.6x278.4
2026-05-29 14:39:56,420 [INFO] echostream.server: heatmap padding pct=0.080 box_area_ratio=0.3897 box=431.4x277.5
2026-05-29 14:39:56,454 [INFO] echostream.server: heatmap padding pct=0.080 box_area_ratio=0.3882 box=429.5x277.6
2026-05-29 14:39:56,492 [INFO] echostream.server: heatmap padding pct=0.080 box_area_ratio=0.3854 box=428.1x276.6
2026-05-29 14:39:56,528 [INFO] echostream.server: heatmap padding pct=0.080 box_area_ratio=0.3833 box=427.5x275.4
2026-05-29 14:39:56,562 [INFO] echostream.server: heatmap padding pct=0.080 box_area_ratio=0.3849 box=430.2x274.9
2026-05-29 14:39:56,782 [INFO] echostream.server: heatmap padding pct=0.080 box_area_ratio=0.3857 box=429.6x275.8
2026-05-29 14:39:56,821 [INFO] echostream.server: heatmap padding pct=0.080 box_area_ratio=0.3858 box=428.7x276.5
2026-05-29 14:39:56,858 [INFO] echostream.server: heatmap padding pct=0.080 box_area_ratio=0.3879 box=430.4x276.8
2026-05-29 14:39:56,897 [INFO] echostream.server: heatmap padding pct=0.080 box_area_ratio=0.3908 box=431.5x278.2
2026-05-29 14:39:56,928 [INFO] echostream.server: heatmap padding pct=0.080 box_area_ratio=0.3917 box=433.2x277.8
2026-05-29 14:39:57,147 [INFO] echostream.server: heatmap padding pct=0.080 box_area_ratio=0.3992 box=443.9x276.3
2026-05-29 14:39:57,186 [INFO] echostream.server: heatmap padding pct=0.080 box_area_ratio=0.4038 box=450.5x275.4
2026-05-29 14:39:57,224 [INFO] echostream.server: heatmap padding pct=0.080 box_area_ratio=0.3968 box=444.3x274.4
2026-05-29 14:39:57,261 [INFO] echostream.server: heatmap padding pct=0.080 box_area_ratio=0.3927 box=440.6x273.8
2026-05-29 14:39:57,290 [INFO] echostream.server: heatmap padding pct=0.080 box_area_ratio=0.3976 box=446.4x273.7
2026-05-29 14:39:57,496 [INFO] echostream.server: heatmap padding pct=0.080 box_area_ratio=0.3893 box=437.0x273.7
2026-05-29 14:39:57,533 [INFO] echostream.server: heatmap padding pct=0.080 box_area_ratio=0.3849 box=432.0x273.7
2026-05-29 14:39:57,568 [INFO] echostream.server: heatmap padding pct=0.080 box_area_ratio=0.3818 box=428.3x273.8
2026-05-29 14:39:57,605 [INFO] echostream.server: heatmap padding pct=0.080 box_area_ratio=0.3810 box=427.3x273.9
2026-05-29 14:39:57,633 [INFO] echostream.server: heatmap padding pct=0.080 box_area_ratio=0.3840 box=430.7x273.9
2026-05-29 14:39:57,829 [INFO] echostream.server: heatmap padding pct=0.080 box_area_ratio=0.3854 box=431.3x274.6
2026-05-29 14:39:57,866 [INFO] echostream.server: heatmap padding pct=0.080 box_area_ratio=0.3863 box=431.7x274.9
2026-05-29 14:39:57,902 [INFO] echostream.server: heatmap padding pct=0.080 box_area_ratio=0.3841 box=429.0x275.1
2026-05-29 14:39:57,931 [INFO] echostream.server: heatmap padding pct=0.080 box_area_ratio=0.3839 box=428.6x275.1
2026-05-29 14:39:57,960 [INFO] echostream.server: heatmap padding pct=0.080 box_area_ratio=0.3812 box=425.7x275.1
2026-05-29 14:39:58,167 [INFO] echostream.server: heatmap padding pct=0.080 box_area_ratio=0.3836 box=429.3x274.5
2026-05-29 14:39:58,199 [INFO] echostream.server: heatmap padding pct=0.080 box_area_ratio=0.3846 box=431.0x274.2
2026-05-29 14:39:58,236 [INFO] echostream.server: heatmap padding pct=0.080 box_area_ratio=0.3844 box=431.9x273.4
2026-05-29 14:39:58,270 [INFO] echostream.server: heatmap padding pct=0.080 box_area_ratio=0.3834 box=430.6x273.6
2026-05-29 14:39:58,303 [INFO] echostream.server: heatmap padding pct=0.080 box_area_ratio=0.3836 box=431.4x273.2
2026-05-29 14:39:58,512 [INFO] echostream.server: heatmap padding pct=0.080 box_area_ratio=0.3838 box=431.9x272.9
2026-05-29 14:39:58,552 [INFO] echostream.server: heatmap padding pct=0.080 box_area_ratio=0.3823 box=430.4x272.9
2026-05-29 14:39:58,591 [INFO] echostream.server: heatmap padding pct=0.080 box_area_ratio=0.3820 box=430.0x272.9
2026-05-29 14:39:58,627 [INFO] echostream.server: heatmap padding pct=0.080 box_area_ratio=0.3817 box=428.7x273.5
2026-05-29 14:39:58,659 [INFO] echostream.server: heatmap padding pct=0.080 box_area_ratio=0.3831 box=429.8x273.8
2026-05-29 14:39:58,856 [INFO] echostream.server: heatmap padding pct=0.080 box_area_ratio=0.3850 box=431.6x274.0
2026-05-29 14:39:58,891 [INFO] echostream.server: heatmap padding pct=0.080 box_area_ratio=0.3855 box=432.1x274.1
2026-05-29 14:39:58,929 [INFO] echostream.server: heatmap padding pct=0.080 box_area_ratio=0.3914 box=438.6x274.1
2026-05-29 14:39:58,960 [INFO] echostream.server: heatmap padding pct=0.080 box_area_ratio=0.3931 box=440.6x274.1
2026-05-29 14:39:58,988 [INFO] echostream.server: heatmap padding pct=0.080 box_area_ratio=0.3885 box=435.5x274.1
2026-05-29 14:39:59,203 [INFO] echostream.server: heatmap padding pct=0.080 box_area_ratio=0.3861 box=432.8x274.0
2026-05-29 14:39:59,240 [INFO] echostream.server: heatmap padding pct=0.080 box_area_ratio=0.3986 box=446.9x274.0
2026-05-29 14:39:59,277 [INFO] echostream.server: heatmap padding pct=0.080 box_area_ratio=0.3900 box=437.2x274.0
2026-05-29 14:39:59,318 [INFO] echostream.server: heatmap padding pct=0.080 box_area_ratio=0.3884 box=434.5x274.6
2026-05-29 14:39:59,352 [INFO] echostream.server: heatmap padding pct=0.080 box_area_ratio=0.3886 box=434.2x274.9
2026-05-29 14:39:59,559 [INFO] echostream.server: heatmap padding pct=0.080 box_area_ratio=0.3841 box=430.8x273.9
2026-05-29 14:39:59,597 [INFO] echostream.server: heatmap padding pct=0.080 box_area_ratio=0.3832 box=430.7x273.3
2026-05-29 14:39:59,632 [INFO] echostream.server: heatmap padding pct=0.080 box_area_ratio=0.3829 box=430.9x273.0
2026-05-29 14:39:59,662 [INFO] echostream.server: heatmap padding pct=0.080 box_area_ratio=0.3846 box=433.0x272.9
2026-05-29 14:39:59,691 [INFO] echostream.server: heatmap padding pct=0.080 box_area_ratio=0.3849 box=432.5x273.4
2026-05-29 14:39:59,884 [INFO] echostream.server: heatmap padding pct=0.080 box_area_ratio=0.3855 box=431.7x274.3
2026-05-29 14:39:59,921 [INFO] echostream.server: heatmap padding pct=0.080 box_area_ratio=0.3855 box=431.7x274.3
2026-05-29 14:39:59,958 [INFO] echostream.server: heatmap padding pct=0.080 box_area_ratio=0.3829 box=428.9x274.2
2026-05-29 14:39:59,996 [INFO] echostream.server: heatmap padding pct=0.080 box_area_ratio=0.3834 box=429.7x274.1
2026-05-29 14:40:00,025 [INFO] echostream.server: heatmap padding pct=0.080 box_area_ratio=0.3869 box=435.4x272.9
2026-05-29 14:40:00,226 [INFO] echostream.server: heatmap padding pct=0.080 box_area_ratio=0.3866 box=435.4x272.8
2026-05-29 14:40:00,261 [INFO] echostream.server: heatmap padding pct=0.080 box_area_ratio=0.3842 box=432.7x272.8
2026-05-29 14:40:00,298 [INFO] echostream.server: heatmap padding pct=0.080 box_area_ratio=0.3825 box=431.6x272.2
2026-05-29 14:40:00,330 [INFO] echostream.server: heatmap padding pct=0.080 box_area_ratio=0.3847 box=434.5x272.0
2026-05-29 14:40:00,363 [INFO] echostream.server: heatmap padding pct=0.080 box_area_ratio=0.3927 box=443.8x271.9
2026-05-29 14:40:00,570 [INFO] echostream.server: heatmap padding pct=0.080 box_area_ratio=0.3858 box=435.1x272.4
2026-05-29 14:40:00,609 [INFO] echostream.server: heatmap padding pct=0.080 box_area_ratio=0.3829 box=431.3x272.8
2026-05-29 14:40:00,653 [INFO] echostream.server: heatmap padding pct=0.080 box_area_ratio=0.3788 box=426.3x273.0
2026-05-29 14:40:00,691 [INFO] echostream.server: heatmap padding pct=0.080 box_area_ratio=0.3797 box=427.2x273.1
2026-05-29 14:40:00,741 [INFO] echostream.server: heatmap padding pct=0.080 box_area_ratio=0.3778 box=424.1x273.7
2026-05-29 14:40:00,742 [INFO] echostream.server: heatmap padding pct=0.475 box_area_ratio=0.0212 box=105.0x62.0
2026-05-29 14:40:00,935 [INFO] echostream.server: heatmap padding pct=0.080 box_area_ratio=0.3818 box=428.9x273.4
2026-05-29 14:40:00,935 [INFO] echostream.server: heatmap padding pct=0.475 box_area_ratio=0.0212 box=105.0x62.0
2026-05-29 14:40:00,973 [INFO] echostream.server: heatmap padding pct=0.080 box_area_ratio=0.3847 box=432.6x273.2
2026-05-29 14:40:00,973 [INFO] echostream.server: heatmap padding pct=0.475 box_area_ratio=0.0212 box=105.0x62.0
2026-05-29 14:40:01,011 [INFO] echostream.server: heatmap padding pct=0.080 box_area_ratio=0.3869 box=435.2x273.1
2026-05-29 14:40:01,011 [INFO] echostream.server: heatmap padding pct=0.475 box_area_ratio=0.0212 box=105.0x62.0
2026-05-29 14:40:01,050 [INFO] echostream.server: heatmap padding pct=0.080 box_area_ratio=0.3882 box=435.9x273.6
2026-05-29 14:40:01,050 [INFO] echostream.server: heatmap padding pct=0.475 box_area_ratio=0.0212 box=105.0x62.0
2026-05-29 14:40:01,082 [INFO] echostream.server: heatmap padding pct=0.080 box_area_ratio=0.3853 box=433.1x273.3
2026-05-29 14:40:01,082 [INFO] echostream.server: heatmap padding pct=0.475 box_area_ratio=0.0212 box=105.0x62.0
2026-05-29 14:40:01,287 [INFO] echostream.server: heatmap padding pct=0.080 box_area_ratio=0.3830 box=430.7x273.1
2026-05-29 14:40:01,287 [INFO] echostream.server: heatmap padding pct=0.475 box_area_ratio=0.0212 box=105.0x62.0
2026-05-29 14:40:01,327 [INFO] echostream.server: heatmap padding pct=0.080 box_area_ratio=0.3808 box=429.4x272.4
2026-05-29 14:40:01,327 [INFO] echostream.server: heatmap padding pct=0.475 box_area_ratio=0.0212 box=105.0x62.0
2026-05-29 14:40:01,367 [INFO] echostream.server: heatmap padding pct=0.080 box_area_ratio=0.3820 box=430.4x272.6
2026-05-29 14:40:01,367 [INFO] echostream.server: heatmap padding pct=0.475 box_area_ratio=0.0212 box=105.0x62.0
2026-05-29 14:40:01,407 [INFO] echostream.server: heatmap padding pct=0.080 box_area_ratio=0.3804 box=428.3x272.8
2026-05-29 14:40:01,407 [INFO] echostream.server: heatmap padding pct=0.475 box_area_ratio=0.0212 box=105.0x62.0
2026-05-29 14:40:01,438 [INFO] echostream.server: heatmap padding pct=0.080 box_area_ratio=0.3795 box=427.2x272.9
2026-05-29 14:40:01,438 [INFO] echostream.server: heatmap padding pct=0.475 box_area_ratio=0.0212 box=105.0x62.0
2026-05-29 14:40:01,657 [INFO] echostream.server: heatmap padding pct=0.080 box_area_ratio=0.3765 box=423.8x273.0
2026-05-29 14:40:01,694 [INFO] echostream.server: heatmap padding pct=0.080 box_area_ratio=0.3765 box=423.7x273.0
2026-05-29 14:40:01,730 [INFO] echostream.server: heatmap padding pct=0.080 box_area_ratio=0.3762 box=423.3x273.0
2026-05-29 14:40:01,766 [INFO] echostream.server: heatmap padding pct=0.080 box_area_ratio=0.3765 box=424.5x272.4
2026-05-29 14:40:01,801 [INFO] echostream.server: heatmap padding pct=0.080 box_area_ratio=0.3762 box=424.7x272.1
2026-05-29 14:40:02,043 [INFO] echostream.server: heatmap padding pct=0.080 box_area_ratio=0.3749 box=422.5x272.5
2026-05-29 14:40:02,083 [INFO] echostream.server: heatmap padding pct=0.080 box_area_ratio=0.3782 box=425.9x272.8
2026-05-29 14:40:02,117 [INFO] echostream.server: heatmap padding pct=0.080 box_area_ratio=0.3818 box=429.7x273.0
2026-05-29 14:40:02,155 [INFO] echostream.server: heatmap padding pct=0.080 box_area_ratio=0.3905 box=439.3x273.0
2026-05-29 14:40:02,185 [INFO] echostream.server: heatmap padding pct=0.080 box_area_ratio=0.3859 box=434.1x273.1
2026-05-29 14:40:02,419 [INFO] echostream.server: heatmap padding pct=0.080 box_area_ratio=0.3826 box=430.5x273.1
2026-05-29 14:40:02,461 [INFO] echostream.server: heatmap padding pct=0.080 box_area_ratio=0.3806 box=428.2x273.0
2026-05-29 14:40:02,497 [INFO] echostream.server: heatmap padding pct=0.080 box_area_ratio=0.3805 box=428.2x273.0
2026-05-29 14:40:02,534 [INFO] echostream.server: heatmap padding pct=0.080 box_area_ratio=0.3794 box=426.0x273.6
2026-05-29 14:40:02,566 [INFO] echostream.server: heatmap padding pct=0.080 box_area_ratio=0.3760 box=422.6x273.3
2026-05-29 14:40:02,793 [INFO] echostream.server: heatmap padding pct=0.080 box_area_ratio=0.3734 box=420.8x272.6
2026-05-29 14:40:02,828 [INFO] echostream.server: heatmap padding pct=0.080 box_area_ratio=0.3716 box=419.5x272.1
2026-05-29 14:40:02,864 [INFO] echostream.server: heatmap padding pct=0.080 box_area_ratio=0.3733 box=420.8x272.5
2026-05-29 14:40:02,898 [INFO] echostream.server: heatmap padding pct=0.080 box_area_ratio=0.3748 box=423.0x272.2
2026-05-29 14:40:02,935 [INFO] echostream.server: heatmap padding pct=0.080 box_area_ratio=0.3744 box=422.0x272.6
2026-05-29 14:40:03,166 [INFO] echostream.server: heatmap padding pct=0.080 box_area_ratio=0.3778 box=425.4x272.8
2026-05-29 14:40:03,202 [INFO] echostream.server: heatmap padding pct=0.080 box_area_ratio=0.3808 box=428.5x273.0
2026-05-29 14:40:03,239 [INFO] echostream.server: heatmap padding pct=0.080 box_area_ratio=0.3793 box=426.7x273.0
2026-05-29 14:40:03,273 [INFO] echostream.server: heatmap padding pct=0.080 box_area_ratio=0.3783 box=426.5x272.5
2026-05-29 14:40:03,303 [INFO] echostream.server: heatmap padding pct=0.080 box_area_ratio=0.3777 box=426.3x272.1
2026-05-29 14:40:03,525 [INFO] echostream.server: heatmap padding pct=0.080 box_area_ratio=0.3778 box=426.8x272.0
2026-05-29 14:40:03,560 [INFO] echostream.server: heatmap padding pct=0.080 box_area_ratio=0.3785 box=427.6x271.9
2026-05-29 14:40:03,595 [INFO] echostream.server: heatmap padding pct=0.080 box_area_ratio=0.3788 box=428.0x271.9
2026-05-29 14:40:03,631 [INFO] echostream.server: heatmap padding pct=0.080 box_area_ratio=0.3816 box=431.1x271.9
2026-05-29 14:40:03,665 [INFO] echostream.server: heatmap padding pct=0.080 box_area_ratio=0.3836 box=433.3x271.9
2026-05-29 14:40:03,889 [INFO] echostream.server: heatmap padding pct=0.080 box_area_ratio=0.3779 box=426.9x272.0
2026-05-29 14:40:03,927 [INFO] echostream.server: heatmap padding pct=0.080 box_area_ratio=0.3745 box=423.0x272.0
2026-05-29 14:40:03,965 [INFO] echostream.server: heatmap padding pct=0.080 box_area_ratio=0.3750 box=422.7x272.6
2026-05-29 14:40:03,999 [INFO] echostream.server: heatmap padding pct=0.080 box_area_ratio=0.3722 box=419.9x272.3
2026-05-29 14:40:04,033 [INFO] echostream.server: heatmap padding pct=0.080 box_area_ratio=0.3721 box=419.1x272.7
2026-05-29 14:40:04,242 [INFO] echostream.server: heatmap padding pct=0.080 box_area_ratio=0.3777 box=425.9x272.4
2026-05-29 14:40:04,283 [INFO] echostream.server: heatmap padding pct=0.080 box_area_ratio=0.3818 box=430.0x272.7
2026-05-29 14:40:04,325 [INFO] echostream.server: heatmap padding pct=0.080 box_area_ratio=0.3837 box=432.8x272.4
2026-05-29 14:40:04,362 [INFO] echostream.server: heatmap padding pct=0.080 box_area_ratio=0.3839 box=433.4x272.1
2026-05-29 14:40:04,395 [INFO] echostream.server: heatmap padding pct=0.080 box_area_ratio=0.3830 box=431.6x272.6
2026-05-29 14:40:04,610 [INFO] echostream.server: heatmap padding pct=0.080 box_area_ratio=0.3835 box=432.7x272.3
2026-05-29 14:40:04,647 [INFO] echostream.server: heatmap padding pct=0.080 box_area_ratio=0.3826 box=432.0x272.1
2026-05-29 14:40:04,684 [INFO] echostream.server: heatmap padding pct=0.080 box_area_ratio=0.3829 box=431.5x272.6
2026-05-29 14:40:04,721 [INFO] echostream.server: heatmap padding pct=0.080 box_area_ratio=0.3799 box=427.7x272.9
2026-05-29 14:40:04,751 [INFO] echostream.server: heatmap padding pct=0.080 box_area_ratio=0.3793 box=426.7x273.0
2026-05-29 14:40:04,966 [INFO] echostream.server: heatmap padding pct=0.080 box_area_ratio=0.3813 box=429.8x272.5
2026-05-29 14:40:05,005 [INFO] echostream.server: heatmap padding pct=0.080 box_area_ratio=0.3854 box=434.1x272.8
2026-05-29 14:40:05,041 [INFO] echostream.server: heatmap padding pct=0.080 box_area_ratio=0.3906 box=440.6x272.3
2026-05-29 14:40:05,075 [INFO] echostream.server: heatmap padding pct=0.080 box_area_ratio=0.3922 box=442.8x272.1
2026-05-29 14:40:05,102 [INFO] echostream.server: heatmap padding pct=0.080 box_area_ratio=0.3840 box=433.8x272.0
2026-05-29 14:40:05,345 [INFO] echostream.server: heatmap padding pct=0.080 box_area_ratio=0.3788 box=427.0x272.5
2026-05-29 14:40:05,345 [INFO] echostream.server: heatmap padding pct=0.476 box_area_ratio=0.0210 box=104.0x62.0
2026-05-29 14:40:05,380 [INFO] echostream.server: heatmap padding pct=0.080 box_area_ratio=0.3752 box=423.3x272.3
2026-05-29 14:40:05,380 [INFO] echostream.server: heatmap padding pct=0.476 box_area_ratio=0.0210 box=104.0x62.0
2026-05-29 14:40:05,418 [INFO] echostream.server: heatmap padding pct=0.080 box_area_ratio=0.3761 box=424.6x272.1
2026-05-29 14:40:05,418 [INFO] echostream.server: heatmap padding pct=0.476 box_area_ratio=0.0210 box=104.0x62.0
2026-05-29 14:40:05,445 [INFO] echostream.server: heatmap padding pct=0.080 box_area_ratio=0.3758 box=423.5x272.6
2026-05-29 14:40:05,446 [INFO] echostream.server: heatmap padding pct=0.476 box_area_ratio=0.0210 box=104.0x62.0
2026-05-29 14:40:05,479 [INFO] echostream.server: heatmap padding pct=0.080 box_area_ratio=0.3764 box=423.7x272.9
2026-05-29 14:40:05,479 [INFO] echostream.server: heatmap padding pct=0.476 box_area_ratio=0.0210 box=104.0x62.0
2026-05-29 14:40:05,648 [INFO] echostream.server: heatmap padding pct=0.080 box_area_ratio=0.3741 box=421.8x272.4
2026-05-29 14:40:05,648 [INFO] echostream.server: heatmap padding pct=0.476 box_area_ratio=0.0210 box=104.0x62.0
2026-05-29 14:40:05,683 [INFO] echostream.server: heatmap padding pct=0.080 box_area_ratio=0.3744 box=422.5x272.2
2026-05-29 14:40:05,683 [INFO] echostream.server: heatmap padding pct=0.476 box_area_ratio=0.0210 box=104.0x62.0
2026-05-29 14:40:05,718 [INFO] echostream.server: heatmap padding pct=0.080 box_area_ratio=0.3744 box=423.7x271.4
2026-05-29 14:40:05,718 [INFO] echostream.server: heatmap padding pct=0.476 box_area_ratio=0.0210 box=104.0x62.0
2026-05-29 14:40:05,757 [INFO] echostream.server: heatmap padding pct=0.080 box_area_ratio=0.3730 box=422.8x271.0
2026-05-29 14:40:05,757 [INFO] echostream.server: heatmap padding pct=0.476 box_area_ratio=0.0210 box=104.0x62.0
2026-05-29 14:40:05,790 [INFO] echostream.server: heatmap padding pct=0.080 box_area_ratio=0.3796 box=431.4x270.3
2026-05-29 14:40:05,790 [INFO] echostream.server: heatmap padding pct=0.476 box_area_ratio=0.0210 box=104.0x62.0
2026-05-29 14:40:05,997 [INFO] echostream.server: heatmap padding pct=0.080 box_area_ratio=0.3790 box=429.5x271.1
2026-05-29 14:40:05,997 [INFO] echostream.server: heatmap padding pct=0.476 box_area_ratio=0.0210 box=104.0x62.0
2026-05-29 14:40:06,034 [INFO] echostream.server: heatmap padding pct=0.080 box_area_ratio=0.3804 box=430.3x271.6
2026-05-29 14:40:06,068 [INFO] echostream.server: heatmap padding pct=0.080 box_area_ratio=0.3809 box=429.4x272.5
2026-05-29 14:40:06,098 [INFO] echostream.server: heatmap padding pct=0.080 box_area_ratio=0.3820 box=429.9x273.0
2026-05-29 14:40:06,099 [INFO] echostream.server: heatmap padding pct=0.477 box_area_ratio=0.0203 box=104.0x60.0
2026-05-29 14:40:06,129 [INFO] echostream.server: heatmap padding pct=0.080 box_area_ratio=0.3817 box=430.1x272.6
2026-05-29 14:40:06,129 [INFO] echostream.server: heatmap padding pct=0.477 box_area_ratio=0.0203 box=104.0x60.0
2026-05-29 14:40:06,320 [INFO] echostream.server: heatmap padding pct=0.080 box_area_ratio=0.3842 box=432.5x272.9
2026-05-29 14:40:06,321 [INFO] echostream.server: heatmap padding pct=0.477 box_area_ratio=0.0203 box=104.0x60.0
2026-05-29 14:40:06,359 [INFO] echostream.server: heatmap padding pct=0.080 box_area_ratio=0.3851 box=433.2x273.0
2026-05-29 14:40:06,359 [INFO] echostream.server: heatmap padding pct=0.477 box_area_ratio=0.0203 box=104.0x60.0
2026-05-29 14:40:06,396 [INFO] echostream.server: heatmap padding pct=0.080 box_area_ratio=0.3854 box=433.5x273.1
2026-05-29 14:40:06,396 [INFO] echostream.server: heatmap padding pct=0.477 box_area_ratio=0.0203 box=104.0x60.0
2026-05-29 14:40:06,427 [INFO] echostream.server: heatmap padding pct=0.080 box_area_ratio=0.3835 box=432.4x272.5
2026-05-29 14:40:06,427 [INFO] echostream.server: heatmap padding pct=0.477 box_area_ratio=0.0203 box=104.0x60.0
2026-05-29 14:40:06,459 [INFO] echostream.server: heatmap padding pct=0.080 box_area_ratio=0.3814 box=430.4x272.2
2026-05-29 14:40:06,459 [INFO] echostream.server: heatmap padding pct=0.477 box_area_ratio=0.0203 box=104.0x60.0
2026-05-29 14:40:06,666 [INFO] echostream.server: heatmap padding pct=0.080 box_area_ratio=0.3779 box=425.9x272.6
2026-05-29 14:40:06,666 [INFO] echostream.server: heatmap padding pct=0.477 box_area_ratio=0.0203 box=104.0x60.0
2026-05-29 14:40:06,701 [INFO] echostream.server: heatmap padding pct=0.080 box_area_ratio=0.3806 box=428.5x272.8
2026-05-29 14:40:06,701 [INFO] echostream.server: heatmap padding pct=0.477 box_area_ratio=0.0203 box=104.0x60.0
2026-05-29 14:40:06,739 [INFO] echostream.server: heatmap padding pct=0.080 box_area_ratio=0.3793 box=426.9x273.0
2026-05-29 14:40:06,739 [INFO] echostream.server: heatmap padding pct=0.477 box_area_ratio=0.0203 box=104.0x60.0
2026-05-29 14:40:06,767 [INFO] echostream.server: heatmap padding pct=0.080 box_area_ratio=0.3833 box=431.2x273.0
2026-05-29 14:40:06,767 [INFO] echostream.server: heatmap padding pct=0.477 box_area_ratio=0.0203 box=104.0x60.0
2026-05-29 14:40:06,796 [INFO] echostream.server: heatmap padding pct=0.080 box_area_ratio=0.3864 box=433.8x273.6
2026-05-29 14:40:07,008 [INFO] echostream.server: heatmap padding pct=0.080 box_area_ratio=0.3895 box=438.6x272.8
2026-05-29 14:40:07,047 [INFO] echostream.server: heatmap padding pct=0.080 box_area_ratio=0.3864 box=436.0x272.3
2026-05-29 14:40:07,087 [INFO] echostream.server: heatmap padding pct=0.080 box_area_ratio=0.3850 box=435.7x271.4
2026-05-29 14:40:07,126 [INFO] echostream.server: heatmap padding pct=0.080 box_area_ratio=0.3783 box=428.0x271.6
2026-05-29 14:40:07,158 [INFO] echostream.server: heatmap padding pct=0.080 box_area_ratio=0.3776 box=426.9x271.7
2026-05-29 14:40:07,365 [INFO] echostream.server: heatmap padding pct=0.080 box_area_ratio=0.3837 box=433.7x271.8
2026-05-29 14:40:07,406 [INFO] echostream.server: heatmap padding pct=0.080 box_area_ratio=0.3885 box=439.0x271.9
2026-05-29 14:40:07,443 [INFO] echostream.server: heatmap padding pct=0.080 box_area_ratio=0.3911 box=441.8x272.0
2026-05-29 14:40:07,476 [INFO] echostream.server: heatmap padding pct=0.080 box_area_ratio=0.3938 box=444.8x272.0
2026-05-29 14:40:07,503 [INFO] echostream.server: heatmap padding pct=0.080 box_area_ratio=0.3876 box=436.8x272.6
2026-05-29 14:40:07,730 [INFO] echostream.server: heatmap padding pct=0.080 box_area_ratio=0.3813 box=430.1x272.3
2026-05-29 14:40:07,768 [INFO] echostream.server: heatmap padding pct=0.080 box_area_ratio=0.3794 box=428.2x272.2
2026-05-29 14:40:07,812 [INFO] echostream.server: heatmap padding pct=0.080 box_area_ratio=0.3792 box=428.1x272.1
2026-05-29 14:40:07,849 [INFO] echostream.server: heatmap padding pct=0.080 box_area_ratio=0.3784 box=427.3x272.0
2026-05-29 14:40:07,886 [INFO] echostream.server: heatmap padding pct=0.080 box_area_ratio=0.3787 box=427.7x272.0
2026-05-29 14:40:08,094 [INFO] echostream.server: heatmap padding pct=0.080 box_area_ratio=0.3826 box=432.2x272.0
2026-05-29 14:40:08,129 [INFO] echostream.server: heatmap padding pct=0.080 box_area_ratio=0.3896 box=440.0x272.0
2026-05-29 14:40:08,166 [INFO] echostream.server: heatmap padding pct=0.080 box_area_ratio=0.3827 box=432.2x272.0
2026-05-29 14:40:08,202 [INFO] echostream.server: heatmap padding pct=0.080 box_area_ratio=0.3827 box=431.3x272.6
2026-05-29 14:40:08,240 [INFO] echostream.server: heatmap padding pct=0.080 box_area_ratio=0.3863 box=434.9x272.9
2026-05-29 14:40:08,450 [INFO] echostream.server: heatmap padding pct=0.080 box_area_ratio=0.3823 box=430.1x273.1
2026-05-29 14:40:08,489 [INFO] echostream.server: heatmap padding pct=0.080 box_area_ratio=0.3798 box=427.2x273.1
2026-05-29 14:40:08,524 [INFO] echostream.server: heatmap padding pct=0.080 box_area_ratio=0.3785 box=425.8x273.1
2026-05-29 14:40:08,561 [INFO] echostream.server: heatmap padding pct=0.080 box_area_ratio=0.3749 box=421.7x273.1
2026-05-29 14:40:08,596 [INFO] echostream.server: heatmap padding pct=0.080 box_area_ratio=0.3746 box=421.4x273.1
2026-05-29 14:40:08,809 [INFO] echostream.server: heatmap padding pct=0.080 box_area_ratio=0.3820 box=428.0x274.2
2026-05-29 14:40:08,844 [INFO] echostream.server: heatmap padding pct=0.080 box_area_ratio=0.3849 box=430.2x274.8
2026-05-29 14:40:08,879 [INFO] echostream.server: heatmap padding pct=0.080 box_area_ratio=0.3850 box=430.8x274.6
2026-05-29 14:40:08,917 [INFO] echostream.server: heatmap padding pct=0.080 box_area_ratio=0.3853 box=431.4x274.3
2026-05-29 14:40:08,956 [INFO] echostream.server: heatmap padding pct=0.080 box_area_ratio=0.3854 box=432.8x273.6
2026-05-29 14:40:09,162 [INFO] echostream.server: heatmap padding pct=0.080 box_area_ratio=0.3843 box=432.2x273.2
2026-05-29 14:40:09,199 [INFO] echostream.server: heatmap padding pct=0.080 box_area_ratio=0.3895 box=437.5x273.5
2026-05-29 14:40:09,234 [INFO] echostream.server: heatmap padding pct=0.080 box_area_ratio=0.3871 box=435.3x273.2
2026-05-29 14:40:09,270 [INFO] echostream.server: heatmap padding pct=0.080 box_area_ratio=0.3858 box=431.3x274.7
2026-05-29 14:40:09,307 [INFO] echostream.server: heatmap padding pct=0.080 box_area_ratio=0.3855 box=427.8x276.8
2026-05-29 14:40:09,535 [INFO] echostream.server: heatmap padding pct=0.080 box_area_ratio=0.3859 box=426.6x277.9
2026-05-29 14:40:09,572 [INFO] echostream.server: heatmap padding pct=0.080 box_area_ratio=0.3862 box=426.1x278.4
2026-05-29 14:40:09,612 [INFO] echostream.server: heatmap padding pct=0.080 box_area_ratio=0.3863 box=426.1x278.5
2026-05-29 14:40:09,650 [INFO] echostream.server: heatmap padding pct=0.080 box_area_ratio=0.3859 box=425.7x278.5
2026-05-29 14:40:09,688 [INFO] echostream.server: heatmap padding pct=0.080 box_area_ratio=0.3867 box=426.8x278.4
2026-05-29 14:40:09,878 [INFO] echostream.server: heatmap padding pct=0.080 box_area_ratio=0.4065 box=448.8x278.2
2026-05-29 14:40:09,912 [INFO] echostream.server: heatmap padding pct=0.080 box_area_ratio=0.4042 box=446.5x278.1
2026-05-29 14:40:09,946 [INFO] echostream.server: heatmap padding pct=0.080 box_area_ratio=0.3984 box=441.0x277.5
2026-05-29 14:40:09,985 [INFO] echostream.server: heatmap padding pct=0.080 box_area_ratio=0.3937 box=435.6x277.7
2026-05-29 14:40:10,028 [INFO] echostream.server: heatmap padding pct=0.080 box_area_ratio=0.3931 box=434.6x277.8
2026-05-29 14:40:10,221 [INFO] echostream.server: heatmap padding pct=0.080 box_area_ratio=0.4040 box=444.7x279.1
2026-05-29 14:40:10,259 [INFO] echostream.server: heatmap padding pct=0.080 box_area_ratio=0.4047 box=444.3x279.8
2026-05-29 14:40:10,294 [INFO] echostream.server: heatmap padding pct=0.080 box_area_ratio=0.4051 box=444.2x280.1
2026-05-29 14:40:10,328 [INFO] echostream.server: heatmap padding pct=0.080 box_area_ratio=0.4045 box=443.4x280.3
2026-05-29 14:40:10,366 [INFO] echostream.server: heatmap padding pct=0.080 box_area_ratio=0.4071 box=446.2x280.3
2026-05-29 14:40:10,581 [INFO] echostream.server: heatmap padding pct=0.080 box_area_ratio=0.3979 box=436.2x280.2
2026-05-29 14:40:10,615 [INFO] echostream.server: heatmap padding pct=0.080 box_area_ratio=0.3919 box=429.7x280.1
2026-05-29 14:40:10,653 [INFO] echostream.server: heatmap padding pct=0.080 box_area_ratio=0.3893 box=427.0x280.1
2026-05-29 14:40:10,691 [INFO] echostream.server: heatmap padding pct=0.080 box_area_ratio=0.3974 box=435.9x280.0
2026-05-29 14:40:10,731 [INFO] echostream.server: heatmap padding pct=0.080 box_area_ratio=0.3903 box=429.9x278.9
2026-05-29 14:40:10,961 [INFO] echostream.server: heatmap padding pct=0.080 box_area_ratio=0.3861 box=428.2x277.0
2026-05-29 14:40:10,992 [INFO] echostream.server: heatmap padding pct=0.080 box_area_ratio=0.3809 box=425.6x274.9
2026-05-29 14:40:11,028 [INFO] echostream.server: heatmap padding pct=0.080 box_area_ratio=0.3803 box=428.5x272.6
2026-05-29 14:40:11,062 [INFO] echostream.server: heatmap padding pct=0.080 box_area_ratio=0.3884 box=440.2x271.0
2026-05-29 14:40:11,097 [INFO] echostream.server: heatmap padding pct=0.080 box_area_ratio=0.4006 box=456.2x269.7
2026-05-29 14:40:11,317 [INFO] echostream.server: heatmap padding pct=0.080 box_area_ratio=0.3972 box=453.2x269.2
2026-05-29 14:40:11,351 [INFO] echostream.server: heatmap padding pct=0.080 box_area_ratio=0.3956 box=451.4x269.2
2026-05-29 14:40:11,390 [INFO] echostream.server: heatmap padding pct=0.080 box_area_ratio=0.3889 box=441.7x270.5
2026-05-29 14:40:11,426 [INFO] echostream.server: heatmap padding pct=0.080 box_area_ratio=0.3890 box=440.4x271.4
2026-05-29 14:40:11,464 [INFO] echostream.server: heatmap padding pct=0.080 box_area_ratio=0.3893 box=440.0x271.8
2026-05-29 14:40:11,692 [INFO] echostream.server: heatmap padding pct=0.080 box_area_ratio=0.3928 box=443.5x272.1
2026-05-29 14:40:11,726 [INFO] echostream.server: heatmap padding pct=0.080 box_area_ratio=0.3944 box=445.1x272.2
2026-05-29 14:40:11,762 [INFO] echostream.server: heatmap padding pct=0.080 box_area_ratio=0.3926 box=443.1x272.2
2026-05-29 14:40:11,798 [INFO] echostream.server: heatmap padding pct=0.080 box_area_ratio=0.3857 box=435.4x272.1
2026-05-29 14:40:11,834 [INFO] echostream.server: heatmap padding pct=0.080 box_area_ratio=0.3837 box=432.3x272.7
2026-05-29 14:40:12,073 [INFO] echostream.server: heatmap padding pct=0.080 box_area_ratio=0.3842 box=431.4x273.5
2026-05-29 14:40:12,073 [INFO] echostream.server: heatmap padding pct=0.475 box_area_ratio=0.0214 box=106.0x62.0
2026-05-29 14:40:12,111 [INFO] echostream.server: heatmap padding pct=0.080 box_area_ratio=0.3848 box=431.4x274.0
2026-05-29 14:40:12,111 [INFO] echostream.server: heatmap padding pct=0.475 box_area_ratio=0.0214 box=106.0x62.0
2026-05-29 14:40:12,147 [INFO] echostream.server: heatmap padding pct=0.080 box_area_ratio=0.3843 box=430.6x274.2
2026-05-29 14:40:12,147 [INFO] echostream.server: heatmap padding pct=0.475 box_area_ratio=0.0214 box=106.0x62.0
2026-05-29 14:40:12,187 [INFO] echostream.server: heatmap padding pct=0.080 box_area_ratio=0.3847 box=430.9x274.2
2026-05-29 14:40:12,187 [INFO] echostream.server: heatmap padding pct=0.475 box_area_ratio=0.0214 box=106.0x62.0
2026-05-29 14:40:12,227 [INFO] echostream.server: heatmap padding pct=0.080 box_area_ratio=0.3849 box=431.2x274.2
2026-05-29 14:40:12,227 [INFO] echostream.server: heatmap padding pct=0.475 box_area_ratio=0.0214 box=106.0x62.0
2026-05-29 14:40:12,440 [INFO] echostream.server: heatmap padding pct=0.080 box_area_ratio=0.3877 box=434.4x274.2
2026-05-29 14:40:12,440 [INFO] echostream.server: heatmap padding pct=0.475 box_area_ratio=0.0214 box=106.0x62.0
2026-05-29 14:40:12,478 [INFO] echostream.server: heatmap padding pct=0.080 box_area_ratio=0.3926 box=440.9x273.5
2026-05-29 14:40:12,479 [INFO] echostream.server: heatmap padding pct=0.475 box_area_ratio=0.0214 box=106.0x62.0
2026-05-29 14:40:12,517 [INFO] echostream.server: heatmap padding pct=0.080 box_area_ratio=0.3904 box=438.2x273.7
2026-05-29 14:40:12,517 [INFO] echostream.server: heatmap padding pct=0.475 box_area_ratio=0.0214 box=106.0x62.0
2026-05-29 14:40:12,559 [INFO] echostream.server: heatmap padding pct=0.080 box_area_ratio=0.3950 box=443.1x273.9
2026-05-29 14:40:12,559 [INFO] echostream.server: heatmap padding pct=0.475 box_area_ratio=0.0214 box=106.0x62.0
2026-05-29 14:40:12,599 [INFO] echostream.server: heatmap padding pct=0.080 box_area_ratio=0.3915 box=440.0x273.4
2026-05-29 14:40:12,599 [INFO] echostream.server: heatmap padding pct=0.475 box_area_ratio=0.0214 box=106.0x62.0
2026-05-29 14:40:12,814 [INFO] echostream.server: heatmap padding pct=0.080 box_area_ratio=0.3867 box=433.2x274.2
2026-05-29 14:40:12,814 [INFO] echostream.server: heatmap padding pct=0.475 box_area_ratio=0.0214 box=106.0x62.0
2026-05-29 14:40:12,851 [INFO] echostream.server: heatmap padding pct=0.080 box_area_ratio=0.3840 box=429.3x274.8
2026-05-29 14:40:12,885 [INFO] echostream.server: heatmap padding pct=0.080 box_area_ratio=0.3795 box=423.9x275.0
2026-05-29 14:40:12,921 [INFO] echostream.server: heatmap padding pct=0.080 box_area_ratio=0.3871 box=432.2x275.1
2026-05-29 14:40:12,954 [INFO] echostream.server: heatmap padding pct=0.080 box_area_ratio=0.3935 box=439.3x275.2
2026-05-29 14:40:13,186 [INFO] echostream.server: heatmap padding pct=0.080 box_area_ratio=0.3900 box=434.5x275.7
2026-05-29 14:40:13,223 [INFO] echostream.server: heatmap padding pct=0.080 box_area_ratio=0.3902 box=434.3x276.0
2026-05-29 14:40:13,260 [INFO] echostream.server: heatmap padding pct=0.080 box_area_ratio=0.3970 box=441.7x276.1
2026-05-29 14:40:13,297 [INFO] echostream.server: heatmap padding pct=0.080 box_area_ratio=0.3979 box=443.5x275.6
2026-05-29 14:40:13,333 [INFO] echostream.server: heatmap padding pct=0.080 box_area_ratio=0.3966 box=443.6x274.6
2026-05-29 14:40:13,531 [INFO] echostream.server: heatmap padding pct=0.080 box_area_ratio=0.3937 box=437.6x276.4
2026-05-29 14:40:13,568 [INFO] echostream.server: heatmap padding pct=0.080 box_area_ratio=0.4013 box=444.3x277.5
2026-05-29 14:40:13,602 [INFO] echostream.server: heatmap padding pct=0.080 box_area_ratio=0.3969 box=438.4x278.1
2026-05-29 14:40:13,640 [INFO] echostream.server: heatmap padding pct=0.080 box_area_ratio=0.4024 box=442.4x279.4
2026-05-29 14:40:13,674 [INFO] echostream.server: heatmap padding pct=0.080 box_area_ratio=0.4006 box=440.2x279.6
2026-05-29 14:40:13,876 [INFO] echostream.server: heatmap padding pct=0.080 box_area_ratio=0.4002 box=441.7x278.3
2026-05-29 14:40:13,912 [INFO] echostream.server: heatmap padding pct=0.080 box_area_ratio=0.3973 box=439.7x277.5
2026-05-29 14:40:13,950 [INFO] echostream.server: heatmap padding pct=0.080 box_area_ratio=0.3927 box=434.5x277.7
2026-05-29 14:40:13,986 [INFO] echostream.server: heatmap padding pct=0.080 box_area_ratio=0.3981 box=440.2x277.8
2026-05-29 14:40:14,024 [INFO] echostream.server: heatmap padding pct=0.080 box_area_ratio=0.3974 box=437.5x279.0
2026-05-29 14:40:14,228 [INFO] echostream.server: heatmap padding pct=0.080 box_area_ratio=0.3998 box=439.9x279.2
2026-05-29 14:40:14,263 [INFO] echostream.server: heatmap padding pct=0.080 box_area_ratio=0.4011 box=441.3x279.2
2026-05-29 14:40:14,299 [INFO] echostream.server: heatmap padding pct=0.080 box_area_ratio=0.4023 box=442.6x279.2
2026-05-29 14:40:14,336 [INFO] echostream.server: heatmap padding pct=0.080 box_area_ratio=0.4059 box=446.7x279.1
2026-05-29 14:40:14,371 [INFO] echostream.server: heatmap padding pct=0.080 box_area_ratio=0.4183 box=460.5x279.1
2026-05-29 14:40:14,588 [INFO] echostream.server: heatmap padding pct=0.080 box_area_ratio=0.4115 box=453.0x279.0
2026-05-29 14:40:14,625 [INFO] echostream.server: heatmap padding pct=0.080 box_area_ratio=0.4176 box=458.8x279.6
2026-05-29 14:40:14,664 [INFO] echostream.server: heatmap padding pct=0.080 box_area_ratio=0.4145 box=454.9x279.9
2026-05-29 14:40:14,702 [INFO] echostream.server: heatmap padding pct=0.080 box_area_ratio=0.4099 box=450.6x279.5
2026-05-29 14:40:14,741 [INFO] echostream.server: heatmap padding pct=0.080 box_area_ratio=0.4177 box=459.6x279.2
2026-05-29 14:40:14,957 [INFO] echostream.server: heatmap padding pct=0.080 box_area_ratio=0.4162 box=454.5x281.4
2026-05-29 14:40:14,999 [INFO] echostream.server: heatmap padding pct=0.080 box_area_ratio=0.4270 box=465.1x282.0
2026-05-29 14:40:15,037 [INFO] echostream.server: heatmap padding pct=0.080 box_area_ratio=0.4138 box=452.1x281.1
2026-05-29 14:40:15,077 [INFO] echostream.server: heatmap padding pct=0.080 box_area_ratio=0.4045 box=443.0x280.5
2026-05-29 14:40:15,120 [INFO] echostream.server: heatmap padding pct=0.080 box_area_ratio=0.3980 box=436.4x280.2
2026-05-29 14:40:15,338 [INFO] echostream.server: heatmap padding pct=0.080 box_area_ratio=0.3950 box=431.6x281.1
2026-05-29 14:40:15,375 [INFO] echostream.server: heatmap padding pct=0.080 box_area_ratio=0.3927 box=429.1x281.1
2026-05-29 14:40:15,408 [INFO] echostream.server: heatmap padding pct=0.080 box_area_ratio=0.3926 box=429.0x281.1
2026-05-29 14:40:15,447 [INFO] echostream.server: heatmap padding pct=0.080 box_area_ratio=0.3899 box=426.1x281.1
2026-05-29 14:40:15,482 [INFO] echostream.server: heatmap padding pct=0.080 box_area_ratio=0.3948 box=428.9x282.8
2026-05-29 14:40:15,693 [INFO] echostream.server: heatmap padding pct=0.080 box_area_ratio=0.3956 box=430.9x282.0
2026-05-29 14:40:15,730 [INFO] echostream.server: heatmap padding pct=0.080 box_area_ratio=0.3947 box=431.6x280.9
2026-05-29 14:40:15,765 [INFO] echostream.server: heatmap padding pct=0.080 box_area_ratio=0.3939 box=430.8x280.8
2026-05-29 14:40:15,805 [INFO] echostream.server: heatmap padding pct=0.080 box_area_ratio=0.3910 box=428.6x280.3
2026-05-29 14:40:15,840 [INFO] echostream.server: heatmap padding pct=0.080 box_area_ratio=0.3972 box=433.1x281.7
2026-05-29 14:40:16,102 [INFO] echostream.server: heatmap padding pct=0.080 box_area_ratio=0.3985 box=434.1x282.0
2026-05-29 14:40:16,142 [INFO] echostream.server: heatmap padding pct=0.080 box_area_ratio=0.3998 box=436.2x281.5
2026-05-29 14:40:16,181 [INFO] echostream.server: heatmap padding pct=0.080 box_area_ratio=0.3966 box=435.0x280.1
2026-05-29 14:40:16,220 [INFO] echostream.server: heatmap padding pct=0.080 box_area_ratio=0.3911 box=429.4x279.8
2026-05-29 14:40:16,262 [INFO] echostream.server: heatmap padding pct=0.080 box_area_ratio=0.3946 box=434.2x279.2
2026-05-29 14:40:16,469 [INFO] echostream.server: heatmap padding pct=0.080 box_area_ratio=0.3903 box=432.6x277.1
2026-05-29 14:40:16,505 [INFO] echostream.server: heatmap padding pct=0.080 box_area_ratio=0.3863 box=429.9x276.0
2026-05-29 14:40:16,540 [INFO] echostream.server: heatmap padding pct=0.080 box_area_ratio=0.3824 box=427.2x275.0
2026-05-29 14:40:16,576 [INFO] echostream.server: heatmap padding pct=0.080 box_area_ratio=0.3808 box=427.0x274.0
2026-05-29 14:40:16,612 [INFO] echostream.server: heatmap padding pct=0.080 box_area_ratio=0.3863 box=432.9x274.1
2026-05-29 14:40:16,838 [INFO] echostream.server: heatmap padding pct=0.080 box_area_ratio=0.3798 box=422.5x276.1
2026-05-29 14:40:16,872 [INFO] echostream.server: heatmap padding pct=0.080 box_area_ratio=0.3819 box=423.9x276.8
2026-05-29 14:40:16,911 [INFO] echostream.server: heatmap padding pct=0.080 box_area_ratio=0.3864 box=427.5x277.7
2026-05-29 14:40:16,947 [INFO] echostream.server: heatmap padding pct=0.080 box_area_ratio=0.3882 box=429.7x277.5
2026-05-29 14:40:16,982 [INFO] echostream.server: heatmap padding pct=0.080 box_area_ratio=0.3983 box=443.0x276.2
2026-05-29 14:40:17,187 [INFO] echostream.server: heatmap padding pct=0.080 box_area_ratio=0.4113 box=456.9x276.6
2026-05-29 14:40:17,219 [INFO] echostream.server: heatmap padding pct=0.080 box_area_ratio=0.4050 box=449.5x276.8
2026-05-29 14:40:17,256 [INFO] echostream.server: heatmap padding pct=0.080 box_area_ratio=0.4114 box=457.3x276.4
2026-05-29 14:40:17,293 [INFO] echostream.server: heatmap padding pct=0.080 box_area_ratio=0.4204 box=467.8x276.1
2026-05-29 14:40:17,334 [INFO] echostream.server: heatmap padding pct=0.080 box_area_ratio=0.4282 box=477.6x275.4
2026-05-29 14:40:17,550 [INFO] echostream.server: heatmap padding pct=0.080 box_area_ratio=0.4302 box=480.6x275.0
2026-05-29 14:40:17,585 [INFO] echostream.server: heatmap padding pct=0.080 box_area_ratio=0.4221 box=471.8x274.9
2026-05-29 14:40:17,622 [INFO] echostream.server: heatmap padding pct=0.080 box_area_ratio=0.4217 box=469.4x276.0
2026-05-29 14:40:17,659 [INFO] echostream.server: heatmap padding pct=0.080 box_area_ratio=0.4125 box=458.0x276.7
2026-05-29 14:40:17,695 [INFO] echostream.server: heatmap padding pct=0.080 box_area_ratio=0.4281 box=468.9x280.5
2026-05-29 14:40:17,921 [INFO] echostream.server: heatmap padding pct=0.080 box_area_ratio=0.4252 box=463.1x282.0
2026-05-29 14:40:17,956 [INFO] echostream.server: heatmap padding pct=0.080 box_area_ratio=0.4367 box=471.7x284.4
2026-05-29 14:40:17,993 [INFO] echostream.server: heatmap padding pct=0.080 box_area_ratio=0.4405 box=471.1x287.3
2026-05-29 14:40:18,029 [INFO] echostream.server: heatmap padding pct=0.080 box_area_ratio=0.4429 box=473.3x287.5
2026-05-29 14:40:18,065 [INFO] echostream.server: heatmap padding pct=0.080 box_area_ratio=0.4383 box=466.8x288.4
2026-05-29 14:40:18,282 [INFO] echostream.server: heatmap padding pct=0.080 box_area_ratio=0.4526 box=482.6x288.1
2026-05-29 14:40:18,319 [INFO] echostream.server: heatmap padding pct=0.080 box_area_ratio=0.4510 box=481.4x287.8
2026-05-29 14:40:18,355 [INFO] echostream.server: heatmap padding pct=0.080 box_area_ratio=0.4497 box=480.5x287.5
2026-05-29 14:40:18,390 [INFO] echostream.server: heatmap padding pct=0.080 box_area_ratio=0.4453 box=476.2x287.3
2026-05-29 14:40:18,426 [INFO] echostream.server: heatmap padding pct=0.080 box_area_ratio=0.4539 box=485.6x287.1
2026-05-29 14:40:18,639 [INFO] echostream.server: heatmap padding pct=0.080 box_area_ratio=0.4573 box=489.4x287.0
2026-05-29 14:40:18,675 [INFO] echostream.server: heatmap padding pct=0.080 box_area_ratio=0.4570 box=488.2x287.6
2026-05-29 14:40:18,711 [INFO] echostream.server: heatmap padding pct=0.080 box_area_ratio=0.4460 box=477.8x286.7
2026-05-29 14:40:18,750 [INFO] echostream.server: heatmap padding pct=0.080 box_area_ratio=0.4378 box=469.9x286.2
2026-05-29 14:40:18,786 [INFO] echostream.server: heatmap padding pct=0.080 box_area_ratio=0.4368 box=469.2x286.0
2026-05-29 14:40:18,995 [INFO] echostream.server: heatmap padding pct=0.080 box_area_ratio=0.4432 box=475.3x286.4
2026-05-29 14:40:19,030 [INFO] echostream.server: heatmap padding pct=0.080 box_area_ratio=0.4482 box=479.2x287.3
2026-05-29 14:40:19,066 [INFO] echostream.server: heatmap padding pct=0.080 box_area_ratio=0.4535 box=484.9x287.3
2026-05-29 14:40:19,108 [INFO] echostream.server: heatmap padding pct=0.080 box_area_ratio=0.4495 box=479.9x287.8
2026-05-29 14:40:19,145 [INFO] echostream.server: heatmap padding pct=0.080 box_area_ratio=0.4477 box=476.5x288.6
2026-05-29 14:40:19,425 [INFO] echostream.server: heatmap padding pct=0.080 box_area_ratio=0.4552 box=483.9x289.0
2026-05-29 14:40:19,467 [INFO] echostream.server: heatmap padding pct=0.080 box_area_ratio=0.4602 box=488.8x289.2
2026-05-29 14:40:19,502 [INFO] echostream.server: heatmap padding pct=0.080 box_area_ratio=0.4602 box=490.7x288.1
2026-05-29 14:40:19,537 [INFO] echostream.server: heatmap padding pct=0.080 box_area_ratio=0.4529 box=479.3x290.3
2026-05-29 14:40:19,572 [INFO] echostream.server: heatmap padding pct=0.080 box_area_ratio=0.4559 box=477.5x293.3
2026-05-29 14:40:19,801 [INFO] echostream.server: heatmap padding pct=0.080 box_area_ratio=0.4599 box=480.9x293.8
2026-05-29 14:40:19,840 [INFO] echostream.server: heatmap padding pct=0.080 box_area_ratio=0.4615 box=479.7x295.5
2026-05-29 14:40:19,873 [INFO] echostream.server: heatmap padding pct=0.080 box_area_ratio=0.4555 box=472.1x296.4
2026-05-29 14:40:19,909 [INFO] echostream.server: heatmap padding pct=0.080 box_area_ratio=0.4561 box=471.4x297.2
2026-05-29 14:40:19,945 [INFO] echostream.server: heatmap padding pct=0.080 box_area_ratio=0.4560 box=470.8x297.5
2026-05-29 14:40:20,176 [INFO] echostream.server: heatmap padding pct=0.080 box_area_ratio=0.4557 box=471.4x297.0
2026-05-29 14:40:20,214 [INFO] echostream.server: heatmap padding pct=0.080 box_area_ratio=0.4548 box=470.2x297.1
2026-05-29 14:40:20,249 [INFO] echostream.server: heatmap padding pct=0.080 box_area_ratio=0.4539 box=472.0x295.4
2026-05-29 14:40:20,284 [INFO] echostream.server: heatmap padding pct=0.080 box_area_ratio=0.4600 box=481.8x293.3
2026-05-29 14:40:20,319 [INFO] echostream.server: heatmap padding pct=0.080 box_area_ratio=0.4554 box=479.9x291.5
2026-05-29 14:40:20,529 [INFO] echostream.server: heatmap padding pct=0.080 box_area_ratio=0.4546 box=482.4x289.5
2026-05-29 14:40:20,568 [INFO] echostream.server: heatmap padding pct=0.080 box_area_ratio=0.4556 box=487.0x287.4
2026-05-29 14:40:20,604 [INFO] echostream.server: heatmap padding pct=0.080 box_area_ratio=0.4538 box=484.7x287.6
2026-05-29 14:40:20,646 [INFO] echostream.server: heatmap padding pct=0.080 box_area_ratio=0.4511 box=478.4x289.7
2026-05-29 14:40:20,683 [INFO] echostream.server: heatmap padding pct=0.080 box_area_ratio=0.4588 box=483.3x291.6
2026-05-29 14:40:20,888 [INFO] echostream.server: heatmap padding pct=0.080 box_area_ratio=0.4527 box=474.2x293.3
2026-05-29 14:40:20,927 [INFO] echostream.server: heatmap padding pct=0.080 box_area_ratio=0.4506 box=470.6x294.2
2026-05-29 14:40:20,964 [INFO] echostream.server: heatmap padding pct=0.080 box_area_ratio=0.4515 box=470.1x295.1
2026-05-29 14:40:21,003 [INFO] echostream.server: heatmap padding pct=0.080 box_area_ratio=0.4534 box=471.5x295.4
2026-05-29 14:40:21,039 [INFO] echostream.server: heatmap padding pct=0.080 box_area_ratio=0.4490 box=466.8x295.5
2026-05-29 14:40:21,299 [INFO] echostream.server: heatmap padding pct=0.080 box_area_ratio=0.4600 box=474.6x297.7
2026-05-29 14:40:21,335 [INFO] echostream.server: heatmap padding pct=0.080 box_area_ratio=0.4622 box=477.7x297.2
2026-05-29 14:40:21,370 [INFO] echostream.server: heatmap padding pct=0.080 box_area_ratio=0.4685 box=482.2x298.5
2026-05-29 14:40:21,410 [INFO] echostream.server: heatmap padding pct=0.080 box_area_ratio=0.4709 box=482.7x299.7
2026-05-29 14:40:21,447 [INFO] echostream.server: heatmap padding pct=0.080 box_area_ratio=0.4716 box=484.3x299.1
2026-05-29 14:40:21,692 [INFO] echostream.server: heatmap padding pct=0.080 box_area_ratio=0.4676 box=483.8x296.9
2026-05-29 14:40:21,731 [INFO] echostream.server: heatmap padding pct=0.080 box_area_ratio=0.4614 box=478.5x296.2
2026-05-29 14:40:21,775 [INFO] echostream.server: heatmap padding pct=0.080 box_area_ratio=0.4608 box=479.5x295.2
2026-05-29 14:40:21,817 [INFO] echostream.server: heatmap padding pct=0.080 box_area_ratio=0.4608 box=480.2x294.8
2026-05-29 14:40:21,859 [INFO] echostream.server: heatmap padding pct=0.080 box_area_ratio=0.4591 box=477.7x295.2
2026-05-29 14:40:22,080 [INFO] echostream.server: heatmap padding pct=0.080 box_area_ratio=0.4611 box=479.3x295.6
2026-05-29 14:40:22,118 [INFO] echostream.server: heatmap padding pct=0.080 box_area_ratio=0.4687 box=484.9x297.0
2026-05-29 14:40:22,158 [INFO] echostream.server: heatmap padding pct=0.080 box_area_ratio=0.4774 box=494.5x296.6
2026-05-29 14:40:22,201 [INFO] echostream.server: heatmap padding pct=0.080 box_area_ratio=0.4803 box=497.9x296.3
2026-05-29 14:40:22,241 [INFO] echostream.server: heatmap padding pct=0.080 box_area_ratio=0.4777 box=491.7x298.5
2026-05-29 14:40:22,474 [INFO] echostream.server: heatmap padding pct=0.080 box_area_ratio=0.4883 box=496.7x302.0
2026-05-29 14:40:22,513 [INFO] echostream.server: heatmap padding pct=0.080 box_area_ratio=0.4845 box=492.6x302.2
2026-05-29 14:40:22,555 [INFO] echostream.server: heatmap padding pct=0.080 box_area_ratio=0.4769 box=487.0x300.8
2026-05-29 14:40:22,595 [INFO] echostream.server: heatmap padding pct=0.080 box_area_ratio=0.4739 box=487.3x298.7
2026-05-29 14:40:22,638 [INFO] echostream.server: heatmap padding pct=0.080 box_area_ratio=0.4690 box=484.3x297.5
2026-05-29 14:40:22,865 [INFO] echostream.server: heatmap padding pct=0.080 box_area_ratio=0.4727 box=489.1x296.9
2026-05-29 14:40:22,896 [INFO] echostream.server: heatmap padding pct=0.080 box_area_ratio=0.4719 box=488.7x296.6
2026-05-29 14:40:22,937 [INFO] echostream.server: heatmap padding pct=0.080 box_area_ratio=0.4749 box=491.8x296.6
2026-05-29 14:40:22,966 [INFO] echostream.server: heatmap padding pct=0.080 box_area_ratio=0.4754 box=494.2x295.5
2026-05-29 14:40:22,996 [INFO] echostream.server: heatmap padding pct=0.080 box_area_ratio=0.4713 box=491.9x294.4
2026-05-29 14:40:23,177 [INFO] echostream.server: heatmap padding pct=0.080 box_area_ratio=0.4631 box=485.1x293.2
2026-05-29 14:40:23,207 [INFO] echostream.server: heatmap padding pct=0.080 box_area_ratio=0.4583 box=480.0x293.3
2026-05-29 14:40:23,236 [INFO] echostream.server: heatmap padding pct=0.080 box_area_ratio=0.4583 box=479.8x293.5
2026-05-29 14:40:23,269 [INFO] echostream.server: heatmap padding pct=0.080 box_area_ratio=0.4606 box=481.9x293.6
2026-05-29 14:40:23,299 [INFO] echostream.server: heatmap padding pct=0.080 box_area_ratio=0.4588 box=478.8x294.4
2026-05-29 14:40:23,542 [INFO] echostream.server: heatmap padding pct=0.080 box_area_ratio=0.4660 box=484.6x295.4
2026-05-29 14:40:23,574 [INFO] echostream.server: heatmap padding pct=0.080 box_area_ratio=0.4640 box=480.7x296.5
2026-05-29 14:40:23,605 [INFO] echostream.server: heatmap padding pct=0.080 box_area_ratio=0.4659 box=481.7x297.1
2026-05-29 14:40:23,642 [INFO] echostream.server: heatmap padding pct=0.080 box_area_ratio=0.4630 box=478.4x297.3
2026-05-29 14:40:23,678 [INFO] echostream.server: heatmap padding pct=0.080 box_area_ratio=0.4612 box=476.5x297.3
2026-05-29 14:40:23,857 [INFO] echostream.server: heatmap padding pct=0.080 box_area_ratio=0.4725 box=488.3x297.3
2026-05-29 14:40:23,890 [INFO] echostream.server: heatmap padding pct=0.080 box_area_ratio=0.4764 box=492.4x297.2
2026-05-29 14:40:23,924 [INFO] echostream.server: heatmap padding pct=0.080 box_area_ratio=0.4758 box=491.9x297.1
2026-05-29 14:40:23,964 [INFO] echostream.server: heatmap padding pct=0.080 box_area_ratio=0.4774 box=494.6x296.5
2026-05-29 14:40:24,009 [INFO] echostream.server: heatmap padding pct=0.080 box_area_ratio=0.4774 box=495.2x296.1
2026-05-29 14:40:24,334 [INFO] echostream.server: heatmap padding pct=0.080 box_area_ratio=0.4799 box=498.1x295.9
2026-05-29 14:40:24,371 [INFO] echostream.server: heatmap padding pct=0.080 box_area_ratio=0.4793 box=496.6x296.5
2026-05-29 14:40:24,414 [INFO] echostream.server: heatmap padding pct=0.080 box_area_ratio=0.4761 box=493.7x296.2
2026-05-29 14:40:24,450 [INFO] echostream.server: heatmap padding pct=0.080 box_area_ratio=0.4752 box=493.1x296.1
2026-05-29 14:40:24,483 [INFO] echostream.server: heatmap padding pct=0.080 box_area_ratio=0.4746 box=491.7x296.6
2026-05-29 14:40:24,717 [INFO] echostream.server: heatmap padding pct=0.080 box_area_ratio=0.4796 box=494.4x298.0
2026-05-29 14:40:24,754 [INFO] echostream.server: heatmap padding pct=0.080 box_area_ratio=0.4812 box=493.8x299.4
2026-05-29 14:40:24,796 [INFO] echostream.server: heatmap padding pct=0.080 box_area_ratio=0.4745 box=487.6x299.0
2026-05-29 14:40:24,827 [INFO] echostream.server: heatmap padding pct=0.080 box_area_ratio=0.4713 box=484.0x299.2
2026-05-29 14:40:24,860 [INFO] echostream.server: heatmap padding pct=0.080 box_area_ratio=0.4737 box=486.3x299.2
2026-05-29 14:40:25,067 [INFO] echostream.server: heatmap padding pct=0.080 box_area_ratio=0.4788 box=494.4x297.4
2026-05-29 14:40:25,103 [INFO] echostream.server: heatmap padding pct=0.080 box_area_ratio=0.4746 box=492.8x295.8
2026-05-29 14:40:25,136 [INFO] echostream.server: heatmap padding pct=0.080 box_area_ratio=0.4727 box=496.2x292.7
2026-05-29 14:40:25,172 [INFO] echostream.server: heatmap padding pct=0.080 box_area_ratio=0.4695 box=498.6x289.3
2026-05-29 14:40:25,201 [INFO] echostream.server: heatmap padding pct=0.080 box_area_ratio=0.4578 box=488.1x288.1
2026-05-29 14:40:25,412 [INFO] echostream.server: heatmap padding pct=0.080 box_area_ratio=0.4635 box=495.7x287.3
2026-05-29 14:40:25,450 [INFO] echostream.server: heatmap padding pct=0.080 box_area_ratio=0.4649 box=497.5x287.0
2026-05-29 14:40:25,488 [INFO] echostream.server: heatmap padding pct=0.080 box_area_ratio=0.4599 box=492.0x287.2
2026-05-29 14:40:25,522 [INFO] echostream.server: heatmap padding pct=0.080 box_area_ratio=0.4567 box=489.2x286.8
2026-05-29 14:40:25,552 [INFO] echostream.server: heatmap padding pct=0.080 box_area_ratio=0.4608 box=494.8x286.1
2026-05-29 14:40:25,764 [INFO] echostream.server: heatmap padding pct=0.080 box_area_ratio=0.4626 box=499.3x284.6
2026-05-29 14:40:25,802 [INFO] echostream.server: heatmap padding pct=0.080 box_area_ratio=0.4594 box=501.2x281.6
2026-05-29 14:40:25,838 [INFO] echostream.server: heatmap padding pct=0.080 box_area_ratio=0.4321 box=477.1x278.2
2026-05-29 14:40:25,869 [INFO] echostream.server: heatmap padding pct=0.080 box_area_ratio=0.4090 box=457.2x274.8
2026-05-29 14:40:25,897 [INFO] echostream.server: heatmap padding pct=0.080 box_area_ratio=0.3984 box=449.8x272.1
2026-05-29 14:40:26,122 [INFO] echostream.server: heatmap padding pct=0.080 box_area_ratio=0.4146 box=476.3x267.4
2026-05-29 14:40:26,160 [INFO] echostream.server: heatmap padding pct=0.080 box_area_ratio=0.4106 box=476.7x264.6
2026-05-29 14:40:26,194 [INFO] echostream.server: heatmap padding pct=0.080 box_area_ratio=0.4205 box=488.1x264.6
2026-05-29 14:40:26,226 [INFO] echostream.server: heatmap padding pct=0.080 box_area_ratio=0.4081 box=471.8x265.7
2026-05-29 14:40:26,256 [INFO] echostream.server: heatmap padding pct=0.080 box_area_ratio=0.4015 box=460.5x267.8
2026-05-29 14:40:26,462 [INFO] echostream.server: heatmap padding pct=0.080 box_area_ratio=0.4058 box=464.2x268.6
2026-05-29 14:40:26,498 [INFO] echostream.server: heatmap padding pct=0.080 box_area_ratio=0.4054 box=462.0x269.5
2026-05-29 14:40:26,535 [INFO] echostream.server: heatmap padding pct=0.080 box_area_ratio=0.4144 box=471.5x270.1
2026-05-29 14:40:26,567 [INFO] echostream.server: heatmap padding pct=0.080 box_area_ratio=0.4271 box=482.4x272.0
2026-05-29 14:40:26,601 [INFO] echostream.server: heatmap padding pct=0.080 box_area_ratio=0.4453 box=501.1x273.0
2026-05-29 14:40:26,811 [INFO] echostream.server: heatmap padding pct=0.080 box_area_ratio=0.4488 box=505.2x272.9
2026-05-29 14:40:26,850 [INFO] echostream.server: heatmap padding pct=0.080 box_area_ratio=0.4479 box=501.5x274.4
2026-05-29 14:40:26,893 [INFO] echostream.server: heatmap padding pct=0.080 box_area_ratio=0.4427 box=496.4x274.0
2026-05-29 14:40:26,928 [INFO] echostream.server: heatmap padding pct=0.080 box_area_ratio=0.4409 box=498.2x271.9
2026-05-29 14:40:26,957 [INFO] echostream.server: heatmap padding pct=0.080 box_area_ratio=0.4361 box=502.6x266.6
2026-05-29 14:40:27,174 [INFO] echostream.server: heatmap padding pct=0.080 box_area_ratio=0.4353 box=509.5x262.4
2026-05-29 14:40:27,213 [INFO] echostream.server: heatmap padding pct=0.080 box_area_ratio=0.4306 box=512.6x258.1
2026-05-29 14:40:27,251 [INFO] echostream.server: heatmap padding pct=0.080 box_area_ratio=0.4282 box=512.6x256.6
2026-05-29 14:40:27,291 [INFO] echostream.server: heatmap padding pct=0.080 box_area_ratio=0.4243 box=509.8x255.7
2026-05-29 14:40:27,320 [INFO] echostream.server: heatmap padding pct=0.080 box_area_ratio=0.4263 box=511.3x256.1
2026-05-29 14:40:27,534 [INFO] echostream.server: heatmap padding pct=0.080 box_area_ratio=0.4279 box=512.1x256.7
2026-05-29 14:40:27,568 [INFO] echostream.server: heatmap padding pct=0.080 box_area_ratio=0.4193 box=498.5x258.4
2026-05-29 14:40:27,608 [INFO] echostream.server: heatmap padding pct=0.080 box_area_ratio=0.4239 box=496.4x262.3
2026-05-29 14:40:27,646 [INFO] echostream.server: heatmap padding pct=0.080 box_area_ratio=0.4240 box=493.5x263.9
2026-05-29 14:40:27,677 [INFO] echostream.server: heatmap padding pct=0.080 box_area_ratio=0.4257 box=494.2x264.6
2026-05-29 14:40:27,915 [INFO] echostream.server: heatmap padding pct=0.080 box_area_ratio=0.4347 box=505.4x264.2
2026-05-29 14:40:27,951 [INFO] echostream.server: heatmap padding pct=0.080 box_area_ratio=0.4387 box=508.7x265.0
2026-05-29 14:40:27,986 [INFO] echostream.server: heatmap padding pct=0.080 box_area_ratio=0.4408 box=507.2x267.0
2026-05-29 14:40:28,022 [INFO] echostream.server: heatmap padding pct=0.080 box_area_ratio=0.4416 box=507.1x267.5
2026-05-29 14:40:28,053 [INFO] echostream.server: heatmap padding pct=0.080 box_area_ratio=0.4424 box=506.8x268.2
2026-05-29 14:40:28,261 [INFO] echostream.server: heatmap padding pct=0.080 box_area_ratio=0.4413 box=508.3x266.7
2026-05-29 14:40:28,297 [INFO] echostream.server: heatmap padding pct=0.080 box_area_ratio=0.4446 box=508.5x268.6
2026-05-29 14:40:28,332 [INFO] echostream.server: heatmap padding pct=0.080 box_area_ratio=0.4487 box=507.9x271.4
2026-05-29 14:40:28,364 [INFO] echostream.server: heatmap padding pct=0.080 box_area_ratio=0.4413 box=498.8x271.8
2026-05-29 14:40:28,398 [INFO] echostream.server: heatmap padding pct=0.080 box_area_ratio=0.4357 box=493.5x271.2
2026-05-29 14:40:28,598 [INFO] echostream.server: heatmap padding pct=0.080 box_area_ratio=0.4419 box=502.6x270.1
2026-05-29 14:40:28,636 [INFO] echostream.server: heatmap padding pct=0.080 box_area_ratio=0.4390 box=497.3x271.2
2026-05-29 14:40:28,672 [INFO] echostream.server: heatmap padding pct=0.080 box_area_ratio=0.4391 box=494.2x272.9
2026-05-29 14:40:28,706 [INFO] echostream.server: heatmap padding pct=0.080 box_area_ratio=0.4274 box=479.4x273.9
2026-05-29 14:40:28,741 [INFO] echostream.server: heatmap padding pct=0.080 box_area_ratio=0.4248 box=474.7x274.9
2026-05-29 14:40:28,953 [INFO] echostream.server: heatmap padding pct=0.080 box_area_ratio=0.4330 box=485.1x274.2
2026-05-29 14:40:28,992 [INFO] echostream.server: heatmap padding pct=0.080 box_area_ratio=0.4413 box=495.4x273.6
2026-05-29 14:40:29,028 [INFO] echostream.server: heatmap padding pct=0.080 box_area_ratio=0.4378 box=493.2x272.7
2026-05-29 14:40:29,069 [INFO] echostream.server: heatmap padding pct=0.080 box_area_ratio=0.4416 box=499.5x271.6
2026-05-29 14:40:29,102 [INFO] echostream.server: heatmap padding pct=0.080 box_area_ratio=0.4365 box=494.8x271.0
2026-05-29 14:40:29,321 [INFO] echostream.server: heatmap padding pct=0.080 box_area_ratio=0.4316 box=493.9x268.4
2026-05-29 14:40:29,361 [INFO] echostream.server: heatmap padding pct=0.080 box_area_ratio=0.4291 box=496.8x265.3
2026-05-29 14:40:29,401 [INFO] echostream.server: heatmap padding pct=0.080 box_area_ratio=0.4225 box=491.0x264.3
2026-05-29 14:40:29,443 [INFO] echostream.server: heatmap padding pct=0.080 box_area_ratio=0.4166 box=479.4x266.9
2026-05-29 14:40:29,479 [INFO] echostream.server: heatmap padding pct=0.080 box_area_ratio=0.4189 box=475.9x270.4
2026-05-29 14:40:29,695 [INFO] echostream.server: heatmap padding pct=0.080 box_area_ratio=0.4319 box=496.6x267.2
2026-05-29 14:40:29,729 [INFO] echostream.server: heatmap padding pct=0.080 box_area_ratio=0.4336 box=495.8x268.6
2026-05-29 14:40:29,764 [INFO] echostream.server: heatmap padding pct=0.080 box_area_ratio=0.4393 box=504.0x267.8
2026-05-29 14:40:29,801 [INFO] echostream.server: heatmap padding pct=0.080 box_area_ratio=0.4253 box=490.9x266.1
2026-05-29 14:40:29,830 [INFO] echostream.server: heatmap padding pct=0.080 box_area_ratio=0.4287 box=490.2x268.7
2026-05-29 14:40:30,049 [INFO] echostream.server: heatmap padding pct=0.080 box_area_ratio=0.4331 box=492.4x270.2
2026-05-29 14:40:30,087 [INFO] echostream.server: heatmap padding pct=0.080 box_area_ratio=0.4280 box=484.1x271.6
2026-05-29 14:40:30,123 [INFO] echostream.server: heatmap padding pct=0.080 box_area_ratio=0.4249 box=480.4x271.7
2026-05-29 14:40:30,156 [INFO] echostream.server: heatmap padding pct=0.080 box_area_ratio=0.4323 box=486.9x272.7
2026-05-29 14:40:30,185 [INFO] echostream.server: heatmap padding pct=0.080 box_area_ratio=0.4388 box=492.3x273.8
2026-05-29 14:40:30,398 [INFO] echostream.server: heatmap padding pct=0.080 box_area_ratio=0.4455 box=494.7x276.6
2026-05-29 14:40:30,434 [INFO] echostream.server: heatmap padding pct=0.080 box_area_ratio=0.4396 box=487.7x276.9
2026-05-29 14:40:30,475 [INFO] echostream.server: heatmap padding pct=0.080 box_area_ratio=0.4279 box=478.7x274.6
2026-05-29 14:40:30,505 [INFO] echostream.server: heatmap padding pct=0.080 box_area_ratio=0.4365 box=485.9x275.9
2026-05-29 14:40:30,534 [INFO] echostream.server: heatmap padding pct=0.080 box_area_ratio=0.4414 box=495.2x273.8
2026-05-29 14:40:30,750 [INFO] echostream.server: heatmap padding pct=0.080 box_area_ratio=0.4470 box=509.2x269.7
2026-05-29 14:40:30,786 [INFO] echostream.server: heatmap padding pct=0.080 box_area_ratio=0.4457 box=510.9x268.0
2026-05-29 14:40:30,825 [INFO] echostream.server: heatmap padding pct=0.080 box_area_ratio=0.4460 box=513.8x266.7
2026-05-29 14:40:30,860 [INFO] echostream.server: heatmap padding pct=0.080 box_area_ratio=0.4413 box=508.2x266.8
2026-05-29 14:40:30,892 [INFO] echostream.server: heatmap padding pct=0.080 box_area_ratio=0.4360 box=502.7x266.5
2026-05-29 14:40:31,097 [INFO] echostream.server: heatmap padding pct=0.080 box_area_ratio=0.4306 box=496.5x266.5
2026-05-29 14:40:31,135 [INFO] echostream.server: heatmap padding pct=0.080 box_area_ratio=0.4337 box=505.3x263.7
2026-05-29 14:40:31,175 [INFO] echostream.server: heatmap padding pct=0.080 box_area_ratio=0.4349 box=509.6x262.2
2026-05-29 14:40:31,205 [INFO] echostream.server: heatmap padding pct=0.080 box_area_ratio=0.4362 box=507.9x263.8
2026-05-29 14:40:31,234 [INFO] echostream.server: heatmap padding pct=0.080 box_area_ratio=0.4360 box=507.7x263.8
2026-05-29 14:40:31,455 [INFO] echostream.server: heatmap padding pct=0.080 box_area_ratio=0.4353 box=505.8x264.4
2026-05-29 14:40:31,491 [INFO] echostream.server: heatmap padding pct=0.080 box_area_ratio=0.4369 box=506.9x264.8
2026-05-29 14:40:31,526 [INFO] echostream.server: heatmap padding pct=0.080 box_area_ratio=0.4398 box=508.8x265.6
2026-05-29 14:40:31,562 [INFO] echostream.server: heatmap padding pct=0.080 box_area_ratio=0.4374 box=505.2x266.0
2026-05-29 14:40:31,591 [INFO] echostream.server: heatmap padding pct=0.080 box_area_ratio=0.4358 box=503.0x266.2
2026-05-29 14:40:31,814 [INFO] echostream.server: heatmap padding pct=0.080 box_area_ratio=0.4339 box=499.6x266.8
2026-05-29 14:40:31,851 [INFO] echostream.server: heatmap padding pct=0.080 box_area_ratio=0.4359 box=502.4x266.5
2026-05-29 14:40:31,888 [INFO] echostream.server: heatmap padding pct=0.080 box_area_ratio=0.4312 box=497.4x266.3
2026-05-29 14:40:31,920 [INFO] echostream.server: heatmap padding pct=0.080 box_area_ratio=0.4304 box=495.8x266.7
2026-05-29 14:40:31,948 [INFO] echostream.server: heatmap padding pct=0.080 box_area_ratio=0.4328 box=498.0x267.0
2026-05-29 14:40:32,160 [INFO] echostream.server: heatmap padding pct=0.080 box_area_ratio=0.4392 box=503.0x268.2
2026-05-29 14:40:32,195 [INFO] echostream.server: heatmap padding pct=0.080 box_area_ratio=0.4353 box=497.3x268.9
2026-05-29 14:40:32,232 [INFO] echostream.server: heatmap padding pct=0.080 box_area_ratio=0.4378 box=499.6x269.2
2026-05-29 14:40:32,267 [INFO] echostream.server: heatmap padding pct=0.080 box_area_ratio=0.4387 box=500.5x269.3
2026-05-29 14:40:32,295 [INFO] echostream.server: heatmap padding pct=0.080 box_area_ratio=0.4396 box=501.5x269.3
2026-05-29 14:40:32,511 [INFO] echostream.server: heatmap padding pct=0.080 box_area_ratio=0.4385 box=500.3x269.2
2026-05-29 14:40:32,550 [INFO] echostream.server: heatmap padding pct=0.080 box_area_ratio=0.4348 box=498.4x268.0
2026-05-29 14:40:32,588 [INFO] echostream.server: heatmap padding pct=0.080 box_area_ratio=0.4311 box=494.4x267.8
2026-05-29 14:40:32,626 [INFO] echostream.server: heatmap padding pct=0.080 box_area_ratio=0.4332 box=496.9x267.8
2026-05-29 14:40:32,657 [INFO] echostream.server: heatmap padding pct=0.080 box_area_ratio=0.4367 box=500.8x267.8
2026-05-29 14:40:32,872 [INFO] echostream.server: heatmap padding pct=0.080 box_area_ratio=0.4417 box=505.5x268.5
2026-05-29 14:40:32,906 [INFO] echostream.server: heatmap padding pct=0.080 box_area_ratio=0.4324 box=494.1x268.8
2026-05-29 14:40:32,944 [INFO] echostream.server: heatmap padding pct=0.080 box_area_ratio=0.4349 box=498.8x267.9
2026-05-29 14:40:32,976 [INFO] echostream.server: heatmap padding pct=0.080 box_area_ratio=0.4292 box=489.1x269.6
2026-05-29 14:40:33,007 [INFO] echostream.server: heatmap padding pct=0.080 box_area_ratio=0.4329 box=494.5x268.9
2026-05-29 14:40:33,223 [INFO] echostream.server: heatmap padding pct=0.080 box_area_ratio=0.4436 box=503.4x270.7
2026-05-29 14:40:33,260 [INFO] echostream.server: heatmap padding pct=0.080 box_area_ratio=0.4482 box=505.6x272.3
2026-05-29 14:40:33,297 [INFO] echostream.server: heatmap padding pct=0.080 box_area_ratio=0.4485 box=502.3x274.3
2026-05-29 14:40:33,328 [INFO] echostream.server: heatmap padding pct=0.080 box_area_ratio=0.4503 box=503.5x274.7
2026-05-29 14:40:33,363 [INFO] echostream.server: heatmap padding pct=0.080 box_area_ratio=0.4512 box=502.4x275.9
2026-05-29 14:40:33,573 [INFO] echostream.server: heatmap padding pct=0.080 box_area_ratio=0.4546 box=506.3x275.8
2026-05-29 14:40:33,611 [INFO] echostream.server: heatmap padding pct=0.080 box_area_ratio=0.4513 box=499.8x277.4
2026-05-29 14:40:33,648 [INFO] echostream.server: heatmap padding pct=0.080 box_area_ratio=0.4500 box=497.0x278.1
2026-05-29 14:40:33,677 [INFO] echostream.server: heatmap padding pct=0.080 box_area_ratio=0.4446 box=495.6x275.6
2026-05-29 14:40:33,706 [INFO] echostream.server: heatmap padding pct=0.080 box_area_ratio=0.4379 box=496.3x271.0
2026-05-29 14:40:33,897 [INFO] echostream.server: heatmap padding pct=0.080 box_area_ratio=0.4343 box=496.9x268.5
2026-05-29 14:40:33,932 [INFO] echostream.server: heatmap padding pct=0.080 box_area_ratio=0.4320 box=498.6x266.2
2026-05-29 14:40:33,968 [INFO] echostream.server: heatmap padding pct=0.080 box_area_ratio=0.4261 box=491.5x266.3
2026-05-29 14:40:34,000 [INFO] echostream.server: heatmap padding pct=0.080 box_area_ratio=0.4231 box=487.3x266.7
2026-05-29 14:40:34,045 [INFO] echostream.server: heatmap padding pct=0.080 box_area_ratio=0.4256 box=489.4x267.2
2026-05-29 14:40:34,251 [INFO] echostream.server: heatmap padding pct=0.080 box_area_ratio=0.4323 box=500.8x265.2
2026-05-29 14:40:34,288 [INFO] echostream.server: heatmap padding pct=0.080 box_area_ratio=0.4363 box=506.4x264.7
2026-05-29 14:40:34,325 [INFO] echostream.server: heatmap padding pct=0.080 box_area_ratio=0.4369 box=507.3x264.6
2026-05-29 14:40:34,364 [INFO] echostream.server: heatmap padding pct=0.080 box_area_ratio=0.4379 box=508.4x264.6
2026-05-29 14:40:34,397 [INFO] echostream.server: heatmap padding pct=0.080 box_area_ratio=0.4356 box=504.5x265.3
2026-05-29 14:40:34,611 [INFO] echostream.server: heatmap padding pct=0.080 box_area_ratio=0.4386 box=507.2x265.7
2026-05-29 14:40:34,649 [INFO] echostream.server: heatmap padding pct=0.080 box_area_ratio=0.4383 box=506.3x265.9
2026-05-29 14:40:34,693 [INFO] echostream.server: heatmap padding pct=0.080 box_area_ratio=0.4390 box=506.9x266.1
2026-05-29 14:40:34,730 [INFO] echostream.server: heatmap padding pct=0.080 box_area_ratio=0.4373 box=504.8x266.1
2026-05-29 14:40:34,759 [INFO] echostream.server: heatmap padding pct=0.080 box_area_ratio=0.4372 box=504.7x266.1
2026-05-29 14:40:34,980 [INFO] echostream.server: heatmap padding pct=0.080 box_area_ratio=0.4371 box=503.6x266.6
2026-05-29 14:40:35,018 [INFO] echostream.server: heatmap padding pct=0.080 box_area_ratio=0.4376 box=503.6x267.0
2026-05-29 14:40:35,056 [INFO] echostream.server: heatmap padding pct=0.080 box_area_ratio=0.4393 box=503.1x268.3
2026-05-29 14:40:35,098 [INFO] echostream.server: heatmap padding pct=0.080 box_area_ratio=0.4410 box=500.5x270.7
2026-05-29 14:40:35,126 [INFO] echostream.server: heatmap padding pct=0.080 box_area_ratio=0.4411 box=500.3x270.8
2026-05-29 14:40:35,332 [INFO] echostream.server: heatmap padding pct=0.080 box_area_ratio=0.4421 box=503.8x269.6
2026-05-29 14:40:35,366 [INFO] echostream.server: heatmap padding pct=0.080 box_area_ratio=0.4400 box=501.9x269.3
2026-05-29 14:40:35,402 [INFO] echostream.server: heatmap padding pct=0.080 box_area_ratio=0.4388 box=496.7x271.4
2026-05-29 14:40:35,434 [INFO] echostream.server: heatmap padding pct=0.080 box_area_ratio=0.4412 box=497.2x272.6
2026-05-29 14:40:35,462 [INFO] echostream.server: heatmap padding pct=0.080 box_area_ratio=0.4421 box=496.0x273.8
2026-05-29 14:40:35,667 [INFO] echostream.server: heatmap padding pct=0.080 box_area_ratio=0.4481 box=500.7x274.9
2026-05-29 14:40:35,705 [INFO] echostream.server: heatmap padding pct=0.080 box_area_ratio=0.4473 box=499.0x275.4
2026-05-29 14:40:35,741 [INFO] echostream.server: heatmap padding pct=0.080 box_area_ratio=0.4481 box=499.6x275.5
2026-05-29 14:40:35,770 [INFO] echostream.server: heatmap padding pct=0.080 box_area_ratio=0.4467 box=498.2x275.5
2026-05-29 14:40:35,804 [INFO] echostream.server: heatmap padding pct=0.080 box_area_ratio=0.4483 box=499.1x275.9
2026-05-29 14:40:36,004 [INFO] echostream.server: heatmap padding pct=0.080 box_area_ratio=0.4525 box=506.6x274.4
2026-05-29 14:40:36,045 [INFO] echostream.server: heatmap padding pct=0.080 box_area_ratio=0.4584 box=514.9x273.5
2026-05-29 14:40:36,083 [INFO] echostream.server: heatmap padding pct=0.080 box_area_ratio=0.4567 box=512.9x273.6
2026-05-29 14:40:36,113 [INFO] echostream.server: heatmap padding pct=0.080 box_area_ratio=0.4594 box=515.7x273.7
2026-05-29 14:40:36,146 [INFO] echostream.server: heatmap padding pct=0.080 box_area_ratio=0.4596 box=513.4x275.0
2026-05-29 14:40:36,337 [INFO] echostream.server: heatmap padding pct=0.080 box_area_ratio=0.4627 box=512.4x277.4
2026-05-29 14:40:36,376 [INFO] echostream.server: heatmap padding pct=0.080 box_area_ratio=0.4564 box=501.8x279.4
2026-05-29 14:40:36,415 [INFO] echostream.server: heatmap padding pct=0.080 box_area_ratio=0.4553 box=501.0x279.2
2026-05-29 14:40:36,457 [INFO] echostream.server: heatmap padding pct=0.080 box_area_ratio=0.4533 box=500.4x278.3
2026-05-29 14:40:36,485 [INFO] echostream.server: heatmap padding pct=0.080 box_area_ratio=0.4524 box=500.5x277.6
2026-05-29 14:40:36,697 [INFO] echostream.server: heatmap padding pct=0.080 box_area_ratio=0.4589 box=509.6x276.6
2026-05-29 14:40:36,733 [INFO] echostream.server: heatmap padding pct=0.080 box_area_ratio=0.4611 box=512.0x276.7
2026-05-29 14:40:36,768 [INFO] echostream.server: heatmap padding pct=0.080 box_area_ratio=0.4601 box=510.7x276.8
2026-05-29 14:40:36,800 [INFO] echostream.server: heatmap padding pct=0.080 box_area_ratio=0.4479 box=498.1x276.3
2026-05-29 14:40:36,833 [INFO] echostream.server: heatmap padding pct=0.080 box_area_ratio=0.4412 box=490.1x276.6
2026-05-29 14:40:37,051 [INFO] echostream.server: heatmap padding pct=0.080 box_area_ratio=0.4492 box=496.5x278.0
2026-05-29 14:40:37,086 [INFO] echostream.server: heatmap padding pct=0.080 box_area_ratio=0.4498 box=495.7x278.7
2026-05-29 14:40:37,124 [INFO] echostream.server: heatmap padding pct=0.080 box_area_ratio=0.4502 box=495.5x279.1
2026-05-29 14:40:37,158 [INFO] echostream.server: heatmap padding pct=0.080 box_area_ratio=0.4483 box=493.2x279.3
2026-05-29 14:40:37,187 [INFO] echostream.server: heatmap padding pct=0.080 box_area_ratio=0.4454 box=491.9x278.1
2026-05-29 14:40:37,415 [INFO] echostream.server: heatmap padding pct=0.080 box_area_ratio=0.4496 box=499.0x276.8
2026-05-29 14:40:37,453 [INFO] echostream.server: heatmap padding pct=0.080 box_area_ratio=0.4522 box=503.2x276.1
2026-05-29 14:40:37,492 [INFO] echostream.server: heatmap padding pct=0.080 box_area_ratio=0.4573 box=510.5x275.2
2026-05-29 14:40:37,521 [INFO] echostream.server: heatmap padding pct=0.080 box_area_ratio=0.4516 box=502.8x275.9
2026-05-29 14:40:37,550 [INFO] echostream.server: heatmap padding pct=0.080 box_area_ratio=0.4470 box=497.7x275.9
2026-05-29 14:40:37,748 [INFO] echostream.server: heatmap padding pct=0.080 box_area_ratio=0.4508 box=498.8x277.6
2026-05-29 14:40:37,784 [INFO] echostream.server: heatmap padding pct=0.080 box_area_ratio=0.4498 box=496.9x278.1
2026-05-29 14:40:37,819 [INFO] echostream.server: heatmap padding pct=0.080 box_area_ratio=0.4393 box=482.0x280.0
2026-05-29 14:40:37,856 [INFO] echostream.server: heatmap padding pct=0.080 box_area_ratio=0.4454 box=487.0x281.0
2026-05-29 14:40:37,885 [INFO] echostream.server: heatmap padding pct=0.080 box_area_ratio=0.4453 box=490.1x279.1
2026-05-29 14:40:38,101 [INFO] echostream.server: heatmap padding pct=0.080 box_area_ratio=0.4665 box=512.5x279.6
2026-05-29 14:40:38,135 [INFO] echostream.server: heatmap padding pct=0.080 box_area_ratio=0.4756 box=524.2x278.8
2026-05-29 14:40:38,171 [INFO] echostream.server: heatmap padding pct=0.080 box_area_ratio=0.4776 box=527.4x278.2
2026-05-29 14:40:38,205 [INFO] echostream.server: heatmap padding pct=0.080 box_area_ratio=0.4733 box=522.0x278.5
2026-05-29 14:40:38,240 [INFO] echostream.server: heatmap padding pct=0.080 box_area_ratio=0.4679 box=515.6x278.8
2026-05-29 14:40:38,460 [INFO] echostream.server: heatmap padding pct=0.080 box_area_ratio=0.4644 box=511.5x278.9
2026-05-29 14:40:38,498 [INFO] echostream.server: heatmap padding pct=0.080 box_area_ratio=0.4536 box=499.5x279.0
2026-05-29 14:40:38,534 [INFO] echostream.server: heatmap padding pct=0.080 box_area_ratio=0.4533 box=498.1x279.6
2026-05-29 14:40:38,571 [INFO] echostream.server: heatmap padding pct=0.080 box_area_ratio=0.4432 box=485.3x280.5
2026-05-29 14:40:38,604 [INFO] echostream.server: heatmap padding pct=0.080 box_area_ratio=0.4443 box=486.8x280.4
2026-05-29 14:40:38,823 [INFO] echostream.server: heatmap padding pct=0.080 box_area_ratio=0.4587 box=504.8x279.1
2026-05-29 14:40:38,863 [INFO] echostream.server: heatmap padding pct=0.080 box_area_ratio=0.4654 box=514.6x277.8
2026-05-29 14:40:38,900 [INFO] echostream.server: heatmap padding pct=0.080 box_area_ratio=0.4639 box=513.3x277.6
2026-05-29 14:40:38,937 [INFO] echostream.server: heatmap padding pct=0.080 box_area_ratio=0.4612 box=508.2x278.8
2026-05-29 14:40:38,966 [INFO] echostream.server: heatmap padding pct=0.080 box_area_ratio=0.4630 box=508.8x279.5
2026-05-29 14:40:39,198 [INFO] echostream.server: heatmap padding pct=0.080 box_area_ratio=0.4621 box=505.1x281.1
2026-05-29 14:40:39,237 [INFO] echostream.server: heatmap padding pct=0.080 box_area_ratio=0.4590 box=501.1x281.4
2026-05-29 14:40:39,279 [INFO] echostream.server: heatmap padding pct=0.080 box_area_ratio=0.4529 box=494.4x281.4
2026-05-29 14:40:39,318 [INFO] echostream.server: heatmap padding pct=0.080 box_area_ratio=0.4505 box=490.9x281.9
2026-05-29 14:40:39,349 [INFO] echostream.server: heatmap padding pct=0.080 box_area_ratio=0.4521 box=492.3x282.1
2026-05-29 14:40:39,562 [INFO] echostream.server: heatmap padding pct=0.080 box_area_ratio=0.4570 box=495.4x283.4
2026-05-29 14:40:39,598 [INFO] echostream.server: heatmap padding pct=0.080 box_area_ratio=0.4510 box=488.8x283.4
2026-05-29 14:40:39,632 [INFO] echostream.server: heatmap padding pct=0.080 box_area_ratio=0.4373 box=474.0x283.4
2026-05-29 14:40:39,664 [INFO] echostream.server: heatmap padding pct=0.080 box_area_ratio=0.4453 box=487.9x280.4
2026-05-29 14:40:39,697 [INFO] echostream.server: heatmap padding pct=0.080 box_area_ratio=0.4395 box=487.6x276.9
2026-05-29 14:40:39,900 [INFO] echostream.server: heatmap padding pct=0.080 box_area_ratio=0.4334 box=485.1x274.5
2026-05-29 14:40:39,936 [INFO] echostream.server: heatmap padding pct=0.080 box_area_ratio=0.4346 box=490.5x272.2
2026-05-29 14:40:39,972 [INFO] echostream.server: heatmap padding pct=0.080 box_area_ratio=0.4236 box=479.8x271.2
2026-05-29 14:40:40,011 [INFO] echostream.server: heatmap padding pct=0.080 box_area_ratio=0.4129 box=471.2x269.2
2026-05-29 14:40:40,042 [INFO] echostream.server: heatmap padding pct=0.080 box_area_ratio=0.4112 box=476.0x265.4
2026-05-29 14:40:40,253 [INFO] echostream.server: heatmap padding pct=0.080 box_area_ratio=0.4138 box=482.3x263.5
2026-05-29 14:40:40,288 [INFO] echostream.server: heatmap padding pct=0.080 box_area_ratio=0.4010 box=472.8x260.5
2026-05-29 14:40:40,322 [INFO] echostream.server: heatmap padding pct=0.080 box_area_ratio=0.3898 box=462.0x259.1
2026-05-29 14:40:40,353 [INFO] echostream.server: heatmap padding pct=0.080 box_area_ratio=0.3855 box=459.7x257.6
2026-05-29 14:40:40,382 [INFO] echostream.server: heatmap padding pct=0.080 box_area_ratio=0.3877 box=464.4x256.4
2026-05-29 14:40:40,602 [INFO] echostream.server: heatmap padding pct=0.080 box_area_ratio=0.4090 box=487.4x257.8
2026-05-29 14:40:40,641 [INFO] echostream.server: heatmap padding pct=0.080 box_area_ratio=0.4355 box=514.6x260.0
2026-05-29 14:40:40,679 [INFO] echostream.server: heatmap padding pct=0.080 box_area_ratio=0.4298 box=505.3x261.3
2026-05-29 14:40:40,712 [INFO] echostream.server: heatmap padding pct=0.080 box_area_ratio=0.4330 box=506.5x262.6
2026-05-29 14:40:40,744 [INFO] echostream.server: heatmap padding pct=0.080 box_area_ratio=0.4278 box=498.2x263.8
2026-05-29 14:40:40,933 [INFO] echostream.server: heatmap padding pct=0.080 box_area_ratio=0.4356 box=509.6x262.6
2026-05-29 14:40:40,969 [INFO] echostream.server: heatmap padding pct=0.080 box_area_ratio=0.4339 box=508.0x262.4
2026-05-29 14:40:41,004 [INFO] echostream.server: heatmap padding pct=0.080 box_area_ratio=0.4283 box=500.7x262.8
2026-05-29 14:40:41,046 [INFO] echostream.server: heatmap padding pct=0.080 box_area_ratio=0.4269 box=499.8x262.4
2026-05-29 14:40:41,074 [INFO] echostream.server: heatmap padding pct=0.080 box_area_ratio=0.4271 box=498.2x263.3
2026-05-29 14:40:41,301 [INFO] echostream.server: heatmap padding pct=0.080 box_area_ratio=0.4259 box=497.0x263.3
2026-05-29 14:40:41,339 [INFO] echostream.server: heatmap padding pct=0.080 box_area_ratio=0.4190 box=490.1x262.6
2026-05-29 14:40:41,372 [INFO] echostream.server: heatmap padding pct=0.080 box_area_ratio=0.4171 box=488.6x262.2
2026-05-29 14:40:41,400 [INFO] echostream.server: heatmap padding pct=0.080 box_area_ratio=0.4204 box=492.9x262.0
2026-05-29 14:40:41,434 [INFO] echostream.server: heatmap padding pct=0.080 box_area_ratio=0.4198 box=493.5x261.3
2026-05-29 14:40:41,657 [INFO] echostream.server: heatmap padding pct=0.080 box_area_ratio=0.4136 box=485.7x261.6
2026-05-29 14:40:41,694 [INFO] echostream.server: heatmap padding pct=0.080 box_area_ratio=0.4116 box=484.2x261.2
2026-05-29 14:40:41,724 [INFO] echostream.server: heatmap padding pct=0.080 box_area_ratio=0.4104 box=483.1x261.0
2026-05-29 14:40:41,757 [INFO] echostream.server: heatmap padding pct=0.080 box_area_ratio=0.4070 box=478.2x261.5
2026-05-29 14:40:41,787 [INFO] echostream.server: heatmap padding pct=0.080 box_area_ratio=0.4038 box=472.8x262.4
2026-05-29 14:40:41,987 [INFO] echostream.server: heatmap padding pct=0.080 box_area_ratio=0.4067 box=474.2x263.5
2026-05-29 14:40:42,022 [INFO] echostream.server: heatmap padding pct=0.080 box_area_ratio=0.4092 box=476.1x264.0
2026-05-29 14:40:42,053 [INFO] echostream.server: heatmap padding pct=0.080 box_area_ratio=0.4052 box=470.0x264.8
2026-05-29 14:40:42,084 [INFO] echostream.server: heatmap padding pct=0.080 box_area_ratio=0.4066 box=473.0x264.1
2026-05-29 14:40:42,114 [INFO] echostream.server: heatmap padding pct=0.080 box_area_ratio=0.4085 box=476.2x263.5
2026-05-29 14:40:42,345 [INFO] echostream.server: heatmap padding pct=0.080 box_area_ratio=0.4066 box=473.5x263.8
2026-05-29 14:40:42,374 [INFO] echostream.server: heatmap padding pct=0.080 box_area_ratio=0.3878 box=450.5x264.5
2026-05-29 14:40:42,405 [INFO] echostream.server: heatmap padding pct=0.080 box_area_ratio=0.3800 box=439.7x265.5
2026-05-29 14:40:42,436 [INFO] echostream.server: heatmap padding pct=0.080 box_area_ratio=0.3775 box=438.8x264.3
2026-05-29 14:40:42,465 [INFO] echostream.server: heatmap padding pct=0.080 box_area_ratio=0.3772 box=436.8x265.2
2026-05-29 14:40:42,717 [INFO] echostream.server: heatmap padding pct=0.080 box_area_ratio=0.3753 box=433.8x265.8
2026-05-29 14:40:42,750 [INFO] echostream.server: heatmap padding pct=0.080 box_area_ratio=0.3796 box=440.2x264.9
2026-05-29 14:40:42,782 [INFO] echostream.server: heatmap padding pct=0.080 box_area_ratio=0.3826 box=441.7x266.1
2026-05-29 14:40:42,814 [INFO] echostream.server: heatmap padding pct=0.080 box_area_ratio=0.3868 box=445.4x266.8
2026-05-29 14:40:42,854 [INFO] echostream.server: heatmap padding pct=0.080 box_area_ratio=0.3938 box=456.8x264.8
2026-05-29 14:40:43,036 [INFO] echostream.server: heatmap padding pct=0.080 box_area_ratio=0.3910 box=456.7x263.0
2026-05-29 14:40:43,065 [INFO] echostream.server: heatmap padding pct=0.080 box_area_ratio=0.3848 box=450.1x262.6
2026-05-29 14:40:43,099 [INFO] echostream.server: heatmap padding pct=0.080 box_area_ratio=0.3794 box=443.0x263.1
2026-05-29 14:40:43,130 [INFO] echostream.server: heatmap padding pct=0.080 box_area_ratio=0.3853 box=448.2x264.1
2026-05-29 14:40:43,165 [INFO] echostream.server: heatmap padding pct=0.080 box_area_ratio=0.3823 box=444.7x264.1
2026-05-29 14:40:43,359 [INFO] echostream.server: heatmap padding pct=0.080 box_area_ratio=0.3881 box=452.4x263.5
2026-05-29 14:40:43,388 [INFO] echostream.server: heatmap padding pct=0.080 box_area_ratio=0.3906 box=455.9x263.2
2026-05-29 14:40:43,419 [INFO] echostream.server: heatmap padding pct=0.080 box_area_ratio=0.3858 box=450.7x263.0
2026-05-29 14:40:43,459 [INFO] echostream.server: heatmap padding pct=0.080 box_area_ratio=0.3876 box=451.9x263.5
2026-05-29 14:40:43,496 [INFO] echostream.server: heatmap padding pct=0.080 box_area_ratio=0.3902 box=454.4x263.8
2026-05-29 14:40:43,769 [INFO] echostream.server: heatmap padding pct=0.080 box_area_ratio=0.3981 box=463.3x264.0
2026-05-29 14:40:43,816 [INFO] echostream.server: heatmap padding pct=0.080 box_area_ratio=0.4006 box=467.1x263.5
2026-05-29 14:40:43,855 [INFO] echostream.server: heatmap padding pct=0.080 box_area_ratio=0.3880 box=451.9x263.7
2026-05-29 14:40:43,894 [INFO] echostream.server: heatmap padding pct=0.080 box_area_ratio=0.3912 box=455.3x263.9
2026-05-29 14:40:43,933 [INFO] echostream.server: heatmap padding pct=0.080 box_area_ratio=0.3954 box=460.1x264.0
2026-05-29 14:40:44,134 [INFO] echostream.server: heatmap padding pct=0.080 box_area_ratio=0.3981 box=461.1x265.2
2026-05-29 14:40:44,169 [INFO] echostream.server: heatmap padding pct=0.080 box_area_ratio=0.3940 box=449.4x269.3
2026-05-29 14:40:44,203 [INFO] echostream.server: heatmap padding pct=0.080 box_area_ratio=0.3912 box=450.1x267.0
2026-05-29 14:40:44,238 [INFO] echostream.server: heatmap padding pct=0.080 box_area_ratio=0.3857 box=441.7x268.3
2026-05-29 14:40:44,277 [INFO] echostream.server: heatmap padding pct=0.080 box_area_ratio=0.3924 box=451.1x267.2
2026-05-29 14:40:44,566 [INFO] echostream.server: heatmap padding pct=0.080 box_area_ratio=0.3810 box=442.0x264.8
2026-05-29 14:40:44,605 [INFO] echostream.server: heatmap padding pct=0.080 box_area_ratio=0.3755 box=437.9x263.4
2026-05-29 14:40:44,644 [INFO] echostream.server: heatmap padding pct=0.080 box_area_ratio=0.3689 box=428.5x264.5
2026-05-29 14:40:44,684 [INFO] echostream.server: heatmap padding pct=0.080 box_area_ratio=0.3714 box=431.1x264.7
2026-05-29 14:40:44,724 [INFO] echostream.server: heatmap padding pct=0.080 box_area_ratio=0.3711 box=430.5x264.8
2026-05-29 14:40:44,964 [INFO] echostream.server: heatmap padding pct=0.080 box_area_ratio=0.3737 box=430.6x266.6
2026-05-29 14:40:45,004 [INFO] echostream.server: heatmap padding pct=0.080 box_area_ratio=0.3795 box=435.5x267.7
2026-05-29 14:40:45,044 [INFO] echostream.server: heatmap padding pct=0.080 box_area_ratio=0.3820 box=438.5x267.6
2026-05-29 14:40:45,088 [INFO] echostream.server: heatmap padding pct=0.080 box_area_ratio=0.3783 box=435.5x266.9
2026-05-29 14:40:45,127 [INFO] echostream.server: heatmap padding pct=0.080 box_area_ratio=0.3787 box=435.8x267.0
2026-05-29 14:40:45,369 [INFO] echostream.server: heatmap padding pct=0.080 box_area_ratio=0.3798 box=436.0x267.6
2026-05-29 14:40:45,405 [INFO] echostream.server: heatmap padding pct=0.080 box_area_ratio=0.3801 box=434.9x268.5
2026-05-29 14:40:45,440 [INFO] echostream.server: heatmap padding pct=0.080 box_area_ratio=0.3806 box=436.6x267.8
2026-05-29 14:40:45,482 [INFO] echostream.server: heatmap padding pct=0.080 box_area_ratio=0.3822 box=438.1x268.0
2026-05-29 14:40:45,521 [INFO] echostream.server: heatmap padding pct=0.080 box_area_ratio=0.3877 box=445.3x267.5
2026-05-29 14:40:45,767 [INFO] echostream.server: heatmap padding pct=0.080 box_area_ratio=0.3802 box=437.2x267.1
2026-05-29 14:40:45,806 [INFO] echostream.server: heatmap padding pct=0.080 box_area_ratio=0.3802 box=435.5x268.1
2026-05-29 14:40:45,845 [INFO] echostream.server: heatmap padding pct=0.080 box_area_ratio=0.3842 box=433.6x272.2
2026-05-29 14:40:45,885 [INFO] echostream.server: heatmap padding pct=0.080 box_area_ratio=0.3939 box=443.6x272.8
2026-05-29 14:40:45,925 [INFO] echostream.server: heatmap padding pct=0.080 box_area_ratio=0.3894 box=440.3x271.7
2026-05-29 14:40:46,157 [INFO] echostream.server: heatmap padding pct=0.080 box_area_ratio=0.3857 box=437.5x270.9
2026-05-29 14:40:46,194 [INFO] echostream.server: heatmap padding pct=0.080 box_area_ratio=0.3867 box=437.5x271.5
2026-05-29 14:40:46,234 [INFO] echostream.server: heatmap padding pct=0.080 box_area_ratio=0.3825 box=435.9x269.6
2026-05-29 14:40:46,270 [INFO] echostream.server: heatmap padding pct=0.080 box_area_ratio=0.3764 box=429.8x269.0
2026-05-29 14:40:46,312 [INFO] echostream.server: heatmap padding pct=0.080 box_area_ratio=0.3759 box=428.8x269.3
2026-05-29 14:40:46,552 [INFO] echostream.server: heatmap padding pct=0.080 box_area_ratio=0.3912 box=447.7x268.5
2026-05-29 14:40:46,590 [INFO] echostream.server: heatmap padding pct=0.080 box_area_ratio=0.3932 box=447.8x269.7
2026-05-29 14:40:46,630 [INFO] echostream.server: heatmap padding pct=0.080 box_area_ratio=0.3952 box=451.7x268.8
2026-05-29 14:40:46,669 [INFO] echostream.server: heatmap padding pct=0.080 box_area_ratio=0.3952 box=448.8x270.5
2026-05-29 14:40:46,707 [INFO] echostream.server: heatmap padding pct=0.080 box_area_ratio=0.3970 box=450.0x271.0
2026-05-29 14:40:46,897 [INFO] echostream.server: heatmap padding pct=0.080 box_area_ratio=0.3935 box=444.8x271.8
2026-05-29 14:40:46,933 [INFO] echostream.server: heatmap padding pct=0.080 box_area_ratio=0.3897 box=439.8x272.1
2026-05-29 14:40:46,971 [INFO] echostream.server: heatmap padding pct=0.080 box_area_ratio=0.3851 box=435.4x271.7
2026-05-29 14:40:47,006 [INFO] echostream.server: heatmap padding pct=0.080 box_area_ratio=0.3819 box=433.3x270.8
2026-05-29 14:40:47,042 [INFO] echostream.server: heatmap padding pct=0.080 box_area_ratio=0.3805 box=432.5x270.2
2026-05-29 14:40:47,256 [INFO] echostream.server: heatmap padding pct=0.080 box_area_ratio=0.3813 box=434.8x269.4
2026-05-29 14:40:47,293 [INFO] echostream.server: heatmap padding pct=0.080 box_area_ratio=0.3828 box=438.2x268.4
2026-05-29 14:40:47,329 [INFO] echostream.server: heatmap padding pct=0.080 box_area_ratio=0.3870 box=444.8x267.3
2026-05-29 14:40:47,365 [INFO] echostream.server: heatmap padding pct=0.080 box_area_ratio=0.3899 box=446.1x268.5
2026-05-29 14:40:47,403 [INFO] echostream.server: heatmap padding pct=0.080 box_area_ratio=0.3887 box=442.4x269.9
2026-05-29 14:40:47,626 [INFO] echostream.server: heatmap padding pct=0.080 box_area_ratio=0.3813 box=433.6x270.1
2026-05-29 14:40:47,660 [INFO] echostream.server: heatmap padding pct=0.080 box_area_ratio=0.3818 box=433.1x270.8
2026-05-29 14:40:47,696 [INFO] echostream.server: heatmap padding pct=0.080 box_area_ratio=0.3816 box=433.3x270.5
2026-05-29 14:40:47,733 [INFO] echostream.server: heatmap padding pct=0.080 box_area_ratio=0.3836 box=433.2x272.0
2026-05-29 14:40:47,770 [INFO] echostream.server: heatmap padding pct=0.080 box_area_ratio=0.3841 box=433.3x272.3
2026-05-29 14:40:47,984 [INFO] echostream.server: heatmap padding pct=0.080 box_area_ratio=0.3932 box=447.3x270.0
2026-05-29 14:40:48,021 [INFO] echostream.server: heatmap padding pct=0.080 box_area_ratio=0.3912 box=444.5x270.4
2026-05-29 14:40:48,059 [INFO] echostream.server: heatmap padding pct=0.080 box_area_ratio=0.3965 box=452.0x269.5
2026-05-29 14:40:48,095 [INFO] echostream.server: heatmap padding pct=0.080 box_area_ratio=0.3988 box=455.4x269.0
2026-05-29 14:40:48,135 [INFO] echostream.server: heatmap padding pct=0.080 box_area_ratio=0.3931 box=446.3x270.6
2026-05-29 14:40:48,384 [INFO] echostream.server: heatmap padding pct=0.080 box_area_ratio=0.3901 box=442.3x270.9
2026-05-29 14:40:48,420 [INFO] echostream.server: heatmap padding pct=0.080 box_area_ratio=0.3833 box=434.4x271.1
2026-05-29 14:40:48,456 [INFO] echostream.server: heatmap padding pct=0.080 box_area_ratio=0.3827 box=433.6x271.1
2026-05-29 14:40:48,492 [INFO] echostream.server: heatmap padding pct=0.080 box_area_ratio=0.3834 box=434.3x271.1
2026-05-29 14:40:48,530 [INFO] echostream.server: heatmap padding pct=0.080 box_area_ratio=0.3836 box=434.6x271.1
2026-05-29 14:40:48,735 [INFO] echostream.server: heatmap padding pct=0.080 box_area_ratio=0.3805 box=432.1x270.5
2026-05-29 14:40:48,772 [INFO] echostream.server: heatmap padding pct=0.080 box_area_ratio=0.3743 box=425.6x270.1
2026-05-29 14:40:48,806 [INFO] echostream.server: heatmap padding pct=0.080 box_area_ratio=0.3697 box=419.8x270.5
2026-05-29 14:40:48,841 [INFO] echostream.server: heatmap padding pct=0.080 box_area_ratio=0.3735 box=422.8x271.4
2026-05-29 14:40:48,875 [INFO] echostream.server: heatmap padding pct=0.080 box_area_ratio=0.3818 box=431.5x271.9
2026-05-29 14:40:49,081 [INFO] echostream.server: heatmap padding pct=0.080 box_area_ratio=0.3891 box=443.0x269.8
2026-05-29 14:40:49,116 [INFO] echostream.server: heatmap padding pct=0.080 box_area_ratio=0.3847 box=437.2x270.3
2026-05-29 14:40:49,155 [INFO] echostream.server: heatmap padding pct=0.080 box_area_ratio=0.3875 box=441.7x269.5
2026-05-29 14:40:49,194 [INFO] echostream.server: heatmap padding pct=0.080 box_area_ratio=0.3871 box=440.1x270.2
2026-05-29 14:40:49,229 [INFO] echostream.server: heatmap padding pct=0.080 box_area_ratio=0.3847 box=437.6x270.1
2026-05-29 14:40:49,428 [INFO] echostream.server: heatmap padding pct=0.080 box_area_ratio=0.3874 box=438.9x271.2
2026-05-29 14:40:49,463 [INFO] echostream.server: heatmap padding pct=0.080 box_area_ratio=0.3875 box=437.9x271.8
2026-05-29 14:40:49,502 [INFO] echostream.server: heatmap padding pct=0.080 box_area_ratio=0.3869 box=436.8x272.1
2026-05-29 14:40:49,538 [INFO] echostream.server: heatmap padding pct=0.080 box_area_ratio=0.3865 box=436.1x272.2
2026-05-29 14:40:49,574 [INFO] echostream.server: heatmap padding pct=0.080 box_area_ratio=0.3867 box=436.4x272.2
2026-05-29 14:40:49,791 [INFO] echostream.server: heatmap padding pct=0.080 box_area_ratio=0.3850 box=435.5x271.6
2026-05-29 14:40:49,823 [INFO] echostream.server: heatmap padding pct=0.080 box_area_ratio=0.3825 box=433.3x271.2
2026-05-29 14:40:49,856 [INFO] echostream.server: heatmap padding pct=0.080 box_area_ratio=0.3812 box=432.1x271.0
2026-05-29 14:40:49,894 [INFO] echostream.server: heatmap padding pct=0.080 box_area_ratio=0.3811 box=432.1x270.9
2026-05-29 14:40:49,933 [INFO] echostream.server: heatmap padding pct=0.080 box_area_ratio=0.3818 box=432.9x270.9
2026-05-29 14:40:50,142 [INFO] echostream.server: heatmap padding pct=0.080 box_area_ratio=0.3812 box=432.3x270.9
2026-05-29 14:40:50,180 [INFO] echostream.server: heatmap padding pct=0.080 box_area_ratio=0.3810 box=432.0x270.9
2026-05-29 14:40:50,217 [INFO] echostream.server: heatmap padding pct=0.080 box_area_ratio=0.3754 box=428.4x269.2
2026-05-29 14:40:50,253 [INFO] echostream.server: heatmap padding pct=0.080 box_area_ratio=0.3757 box=427.5x270.0
2026-05-29 14:40:50,291 [INFO] echostream.server: heatmap padding pct=0.080 box_area_ratio=0.3778 box=429.0x270.5
2026-05-29 14:40:50,520 [INFO] echostream.server: heatmap padding pct=0.080 box_area_ratio=0.3852 box=437.0x270.8
2026-05-29 14:40:50,557 [INFO] echostream.server: heatmap padding pct=0.080 box_area_ratio=0.3914 box=445.6x269.9
2026-05-29 14:40:50,595 [INFO] echostream.server: heatmap padding pct=0.080 box_area_ratio=0.3902 box=443.2x270.4
2026-05-29 14:40:50,631 [INFO] echostream.server: heatmap padding pct=0.080 box_area_ratio=0.3868 box=438.8x270.8
2026-05-29 14:40:50,669 [INFO] echostream.server: heatmap padding pct=0.080 box_area_ratio=0.3903 box=440.6x272.1
2026-05-29 14:40:50,861 [INFO] echostream.server: heatmap padding pct=0.080 box_area_ratio=0.3926 box=441.1x273.5
2026-05-29 14:40:50,894 [INFO] echostream.server: heatmap padding pct=0.080 box_area_ratio=0.3917 box=438.9x274.1
2026-05-29 14:40:50,930 [INFO] echostream.server: heatmap padding pct=0.080 box_area_ratio=0.3916 box=439.4x273.8
2026-05-29 14:40:50,967 [INFO] echostream.server: heatmap padding pct=0.080 box_area_ratio=0.3886 box=437.4x272.9
2026-05-29 14:40:51,005 [INFO] echostream.server: heatmap padding pct=0.080 box_area_ratio=0.3839 box=433.9x271.8
2026-05-29 14:40:51,230 [INFO] echostream.server: heatmap padding pct=0.080 box_area_ratio=0.3933 box=449.4x268.8
2026-05-29 14:40:51,267 [INFO] echostream.server: heatmap padding pct=0.080 box_area_ratio=0.3888 box=444.1x268.9
2026-05-29 14:40:51,302 [INFO] echostream.server: heatmap padding pct=0.080 box_area_ratio=0.3847 box=438.1x269.8
2026-05-29 14:40:51,339 [INFO] echostream.server: heatmap padding pct=0.080 box_area_ratio=0.3889 box=443.7x269.2
2026-05-29 14:40:51,376 [INFO] echostream.server: heatmap padding pct=0.080 box_area_ratio=0.3941 box=447.2x270.7
2026-05-29 14:40:51,572 [INFO] echostream.server: heatmap padding pct=0.080 box_area_ratio=0.3891 box=439.2x272.1
2026-05-29 14:40:51,606 [INFO] echostream.server: heatmap padding pct=0.080 box_area_ratio=0.3869 box=435.5x272.9
2026-05-29 14:40:51,643 [INFO] echostream.server: heatmap padding pct=0.080 box_area_ratio=0.3868 box=434.8x273.3
2026-05-29 14:40:51,676 [INFO] echostream.server: heatmap padding pct=0.080 box_area_ratio=0.3866 box=435.3x272.8
2026-05-29 14:40:51,714 [INFO] echostream.server: heatmap padding pct=0.080 box_area_ratio=0.3884 box=437.0x273.0
2026-05-29 14:40:51,926 [INFO] echostream.server: heatmap padding pct=0.080 box_area_ratio=0.3930 box=444.0x271.9
2026-05-29 14:40:51,962 [INFO] echostream.server: heatmap padding pct=0.080 box_area_ratio=0.3925 box=444.4x271.3
2026-05-29 14:40:51,999 [INFO] echostream.server: heatmap padding pct=0.080 box_area_ratio=0.3904 box=442.6x271.0
2026-05-29 14:40:52,037 [INFO] echostream.server: heatmap padding pct=0.080 box_area_ratio=0.3904 box=441.9x271.4
2026-05-29 14:40:52,074 [INFO] echostream.server: heatmap padding pct=0.080 box_area_ratio=0.3904 box=441.4x271.7
2026-05-29 14:40:52,275 [INFO] echostream.server: heatmap padding pct=0.080 box_area_ratio=0.3920 box=442.8x271.9
2026-05-29 14:40:52,310 [INFO] echostream.server: heatmap padding pct=0.080 box_area_ratio=0.3908 box=441.4x272.0
2026-05-29 14:40:52,347 [INFO] echostream.server: heatmap padding pct=0.080 box_area_ratio=0.3896 box=439.9x272.0
2026-05-29 14:40:52,386 [INFO] echostream.server: heatmap padding pct=0.080 box_area_ratio=0.3873 box=437.4x272.1
2026-05-29 14:40:52,422 [INFO] echostream.server: heatmap padding pct=0.080 box_area_ratio=0.3894 box=443.5x269.7
2026-05-29 14:40:52,620 [INFO] echostream.server: heatmap padding pct=0.080 box_area_ratio=0.3906 box=443.2x270.7
2026-05-29 14:40:52,657 [INFO] echostream.server: heatmap padding pct=0.080 box_area_ratio=0.3884 box=438.8x272.0
2026-05-29 14:40:52,693 [INFO] echostream.server: heatmap padding pct=0.080 box_area_ratio=0.3882 box=437.3x272.7
2026-05-29 14:40:52,729 [INFO] echostream.server: heatmap padding pct=0.080 box_area_ratio=0.3854 box=435.4x271.9
2026-05-29 14:40:52,764 [INFO] echostream.server: heatmap padding pct=0.080 box_area_ratio=0.3888 box=439.2x272.0
2026-05-29 14:40:52,963 [INFO] echostream.server: heatmap padding pct=0.080 box_area_ratio=0.3959 box=446.2x272.6
2026-05-29 14:40:52,996 [INFO] echostream.server: heatmap padding pct=0.080 box_area_ratio=0.3945 box=444.9x272.4
2026-05-29 14:40:53,035 [INFO] echostream.server: heatmap padding pct=0.080 box_area_ratio=0.3904 box=439.7x272.8
2026-05-29 14:40:53,073 [INFO] echostream.server: heatmap padding pct=0.080 box_area_ratio=0.3915 box=440.6x273.0
2026-05-29 14:40:53,108 [INFO] echostream.server: heatmap padding pct=0.080 box_area_ratio=0.3974 box=447.1x273.1
2026-05-29 14:40:53,312 [INFO] echostream.server: heatmap padding pct=0.080 box_area_ratio=0.3973 box=445.0x274.3
2026-05-29 14:40:53,347 [INFO] echostream.server: heatmap padding pct=0.080 box_area_ratio=0.3943 box=440.6x274.9
2026-05-29 14:40:53,381 [INFO] echostream.server: heatmap padding pct=0.080 box_area_ratio=0.3924 box=438.0x275.2
2026-05-29 14:40:53,418 [INFO] echostream.server: heatmap padding pct=0.080 box_area_ratio=0.3955 box=441.4x275.3
2026-05-29 14:40:53,451 [INFO] echostream.server: heatmap padding pct=0.080 box_area_ratio=0.3964 box=442.4x275.3
2026-05-29 14:40:53,645 [INFO] echostream.server: heatmap padding pct=0.080 box_area_ratio=0.3985 box=445.8x274.6
2026-05-29 14:40:53,680 [INFO] echostream.server: heatmap padding pct=0.080 box_area_ratio=0.3960 box=443.7x274.2
2026-05-29 14:40:53,714 [INFO] echostream.server: heatmap padding pct=0.080 box_area_ratio=0.3920 box=440.5x273.4
2026-05-29 14:40:53,757 [INFO] echostream.server: heatmap padding pct=0.080 box_area_ratio=0.3940 box=441.5x274.2
2026-05-29 14:40:53,796 [INFO] echostream.server: heatmap padding pct=0.080 box_area_ratio=0.3965 box=441.7x275.8
2026-05-29 14:40:54,007 [INFO] echostream.server: heatmap padding pct=0.080 box_area_ratio=0.3975 box=441.2x276.7
2026-05-29 14:40:54,044 [INFO] echostream.server: heatmap padding pct=0.080 box_area_ratio=0.3958 box=438.7x277.2
2026-05-29 14:40:54,080 [INFO] echostream.server: heatmap padding pct=0.080 box_area_ratio=0.3973 box=441.9x276.2
2026-05-29 14:40:54,118 [INFO] echostream.server: heatmap padding pct=0.080 box_area_ratio=0.3973 box=443.9x274.9
2026-05-29 14:40:54,155 [INFO] echostream.server: heatmap padding pct=0.080 box_area_ratio=0.3985 box=445.5x274.8
2026-05-29 14:40:54,369 [INFO] echostream.server: heatmap padding pct=0.080 box_area_ratio=0.3993 box=444.6x275.9
2026-05-29 14:40:54,405 [INFO] echostream.server: heatmap padding pct=0.080 box_area_ratio=0.3955 box=439.2x276.6
2026-05-29 14:40:54,442 [INFO] echostream.server: heatmap padding pct=0.080 box_area_ratio=0.3966 box=440.7x276.4
2026-05-29 14:40:54,477 [INFO] echostream.server: heatmap padding pct=0.080 box_area_ratio=0.3937 box=437.8x276.3
2026-05-29 14:40:54,514 [INFO] echostream.server: heatmap padding pct=0.080 box_area_ratio=0.3998 box=444.8x276.1
2026-05-29 14:40:54,721 [INFO] echostream.server: heatmap padding pct=0.080 box_area_ratio=0.4019 box=444.5x277.8
2026-05-29 14:40:54,759 [INFO] echostream.server: heatmap padding pct=0.080 box_area_ratio=0.4034 box=444.6x278.7
2026-05-29 14:40:54,797 [INFO] echostream.server: heatmap padding pct=0.080 box_area_ratio=0.4023 box=444.5x278.0
2026-05-29 14:40:54,835 [INFO] echostream.server: heatmap padding pct=0.080 box_area_ratio=0.4001 box=443.8x276.9
2026-05-29 14:40:54,871 [INFO] echostream.server: heatmap padding pct=0.080 box_area_ratio=0.3970 box=440.4x276.9
2026-05-29 14:40:55,078 [INFO] echostream.server: heatmap padding pct=0.080 box_area_ratio=0.3988 box=444.3x275.7
2026-05-29 14:40:55,114 [INFO] echostream.server: heatmap padding pct=0.080 box_area_ratio=0.3996 box=444.4x276.2
2026-05-29 14:40:55,151 [INFO] echostream.server: heatmap padding pct=0.080 box_area_ratio=0.4027 box=447.2x276.6
2026-05-29 14:40:55,189 [INFO] echostream.server: heatmap padding pct=0.080 box_area_ratio=0.3996 box=442.4x277.4
2026-05-29 14:40:55,227 [INFO] echostream.server: heatmap padding pct=0.080 box_area_ratio=0.3959 box=439.5x276.7
2026-05-29 14:40:55,444 [INFO] echostream.server: heatmap padding pct=0.080 box_area_ratio=0.3924 box=439.1x274.6
2026-05-29 14:40:55,479 [INFO] echostream.server: heatmap padding pct=0.080 box_area_ratio=0.3859 box=432.8x273.9
2026-05-29 14:40:55,515 [INFO] echostream.server: heatmap padding pct=0.080 box_area_ratio=0.3839 box=432.8x272.5
2026-05-29 14:40:55,554 [INFO] echostream.server: heatmap padding pct=0.080 box_area_ratio=0.3890 box=437.9x272.9
2026-05-29 14:40:55,590 [INFO] echostream.server: heatmap padding pct=0.080 box_area_ratio=0.3860 box=434.7x272.8
2026-05-29 14:40:55,812 [INFO] echostream.server: heatmap padding pct=0.080 box_area_ratio=0.3918 box=440.3x273.3
2026-05-29 14:40:55,847 [INFO] echostream.server: heatmap padding pct=0.080 box_area_ratio=0.3984 box=442.5x276.6
2026-05-29 14:40:55,882 [INFO] echostream.server: heatmap padding pct=0.080 box_area_ratio=0.4019 box=445.3x277.3
2026-05-29 14:40:55,916 [INFO] echostream.server: heatmap padding pct=0.080 box_area_ratio=0.4016 box=445.4x277.0
2026-05-29 14:40:55,956 [INFO] echostream.server: heatmap padding pct=0.080 box_area_ratio=0.4022 box=445.8x277.2
2026-05-29 14:40:56,174 [INFO] echostream.server: heatmap padding pct=0.080 box_area_ratio=0.3993 box=445.2x275.5
2026-05-29 14:40:56,212 [INFO] echostream.server: heatmap padding pct=0.080 box_area_ratio=0.3982 box=444.7x275.1
2026-05-29 14:40:56,247 [INFO] echostream.server: heatmap padding pct=0.080 box_area_ratio=0.3932 box=438.6x275.5
2026-05-29 14:40:56,282 [INFO] echostream.server: heatmap padding pct=0.080 box_area_ratio=0.3830 box=425.8x276.3
2026-05-29 14:40:56,323 [INFO] echostream.server: heatmap padding pct=0.080 box_area_ratio=0.3906 box=434.4x276.2
2026-05-29 14:40:56,552 [INFO] echostream.server: heatmap padding pct=0.080 box_area_ratio=0.3877 box=436.8x272.7
2026-05-29 14:40:56,586 [INFO] echostream.server: heatmap padding pct=0.080 box_area_ratio=0.3984 box=447.5x273.5
2026-05-29 14:40:56,625 [INFO] echostream.server: heatmap padding pct=0.080 box_area_ratio=0.4061 box=457.0x273.0
2026-05-29 14:40:56,662 [INFO] echostream.server: heatmap padding pct=0.080 box_area_ratio=0.4062 box=458.4x272.2
2026-05-29 14:40:56,698 [INFO] echostream.server: heatmap padding pct=0.080 box_area_ratio=0.4033 box=454.8x272.4
2026-05-29 14:40:56,905 [INFO] echostream.server: heatmap padding pct=0.080 box_area_ratio=0.4005 box=450.4x273.2
2026-05-29 14:40:56,942 [INFO] echostream.server: heatmap padding pct=0.080 box_area_ratio=0.4067 box=457.4x273.1
2026-05-29 14:40:56,978 [INFO] echostream.server: heatmap padding pct=0.080 box_area_ratio=0.4030 box=450.6x274.8
2026-05-29 14:40:57,011 [INFO] echostream.server: heatmap padding pct=0.080 box_area_ratio=0.3982 box=444.6x275.2
2026-05-29 14:40:57,045 [INFO] echostream.server: heatmap padding pct=0.080 box_area_ratio=0.4018 box=446.5x276.4
