2026-05-29 14:39:46,053 [INFO] echostream.server: listening on 0.0.0.0:9999 model=yolov8s-world.pt classes=['person'] device=mps
2026-05-29 14:39:46,053 [INFO] echostream.server: heatmap padding min=0.08 max=0.50 small_area=0.010 large_area=0.200
2026-05-29 14:39:46,055 [INFO] echostream.frame_relay: FrameRelayServer listening on :9997
2026-05-29 14:39:46,396 [INFO] echostream.frame_relay: relay:9997 UI connected from ('127.0.0.1', 56236)
2026-05-29 14:39:48,694 [INFO] echostream.server: connection from ('127.0.0.1', 56238)
2026-05-29 14:39:48,694 [INFO] echostream.server: FPS handshake received: 15.00  frame_duration_ms=66
2026-05-29 14:39:48,698 [INFO] echostream.server: server artifacts -> /Users/ninjadare/Desktop/ss_runs
2026-05-29 14:39:50,963 [INFO] echostream.server: heatmap padding pct=0.080 box_area_ratio=0.3708 box=465.0x245.0
2026-05-29 14:39:51,003 [INFO] echostream.server: heatmap padding pct=0.080 box_area_ratio=0.3451 box=443.1x239.3
2026-05-29 14:39:51,054 [INFO] echostream.server: heatmap padding pct=0.080 box_area_ratio=0.3429 box=436.4x241.3
2026-05-29 14:39:51,113 [INFO] echostream.server: heatmap padding pct=0.080 box_area_ratio=0.3496 box=440.8x243.7
2026-05-29 14:39:51,168 [INFO] echostream.server: heatmap padding pct=0.080 box_area_ratio=0.3616 box=445.6x249.3
2026-05-29 14:39:51,379 [INFO] echostream.server: heatmap padding pct=0.080 box_area_ratio=0.3568 box=435.5x251.6
2026-05-29 14:39:51,419 [INFO] echostream.server: heatmap padding pct=0.080 box_area_ratio=0.3581 box=431.7x254.9
2026-05-29 14:39:51,451 [INFO] echostream.server: heatmap padding pct=0.080 box_area_ratio=0.3594 box=427.0x258.6
2026-05-29 14:39:51,483 [INFO] echostream.server: heatmap padding pct=0.080 box_area_ratio=0.3771 box=433.6x267.2
2026-05-29 14:39:51,581 [INFO] echostream.server: heatmap padding pct=0.080 box_area_ratio=0.3080 box=359.1x263.5
2026-05-29 14:39:51,769 [INFO] echostream.server: heatmap padding pct=0.080 box_area_ratio=0.2875 box=332.7x265.5
2026-05-29 14:39:51,799 [INFO] echostream.server: heatmap padding pct=0.080 box_area_ratio=0.3682 box=425.7x265.7
2026-05-29 14:39:51,859 [INFO] echostream.server: heatmap padding pct=0.080 box_area_ratio=0.4098 box=462.9x271.9
2026-05-29 14:39:51,920 [INFO] echostream.server: heatmap padding pct=0.080 box_area_ratio=0.3996 box=461.0x266.3
2026-05-29 14:39:51,979 [INFO] echostream.server: heatmap padding pct=0.080 box_area_ratio=0.3962 box=461.3x263.8
2026-05-29 14:39:52,164 [INFO] echostream.server: heatmap padding pct=0.080 box_area_ratio=0.4010 box=468.4x263.0
2026-05-29 14:39:52,196 [INFO] echostream.server: heatmap padding pct=0.080 box_area_ratio=0.4121 box=478.9x264.4
2026-05-29 14:39:52,225 [INFO] echostream.server: heatmap padding pct=0.080 box_area_ratio=0.4129 box=480.2x264.1
2026-05-29 14:39:52,265 [INFO] echostream.server: heatmap padding pct=0.080 box_area_ratio=0.4030 box=471.0x262.8
2026-05-29 14:39:52,301 [INFO] echostream.server: heatmap padding pct=0.080 box_area_ratio=0.3920 box=461.4x261.0
2026-05-29 14:39:52,480 [INFO] echostream.server: heatmap padding pct=0.080 box_area_ratio=0.3919 box=461.1x261.1
2026-05-29 14:39:52,510 [INFO] echostream.server: heatmap padding pct=0.080 box_area_ratio=0.3891 box=457.3x261.4
2026-05-29 14:39:52,542 [INFO] echostream.server: heatmap padding pct=0.080 box_area_ratio=0.3873 box=454.8x261.6
2026-05-29 14:39:52,579 [INFO] echostream.server: heatmap padding pct=0.080 box_area_ratio=0.3843 box=450.9x261.8
2026-05-29 14:39:52,615 [INFO] echostream.server: heatmap padding pct=0.080 box_area_ratio=0.3872 box=453.1x262.5
2026-05-29 14:39:52,800 [INFO] echostream.server: heatmap padding pct=0.080 box_area_ratio=0.3938 box=457.2x264.6
2026-05-29 14:39:52,830 [INFO] echostream.server: heatmap padding pct=0.080 box_area_ratio=0.3925 box=455.6x264.6
2026-05-29 14:39:52,860 [INFO] echostream.server: heatmap padding pct=0.080 box_area_ratio=0.3915 box=454.6x264.5
2026-05-29 14:39:52,897 [INFO] echostream.server: heatmap padding pct=0.080 box_area_ratio=0.3978 box=459.3x266.1
2026-05-29 14:39:52,936 [INFO] echostream.server: heatmap padding pct=0.080 box_area_ratio=0.3947 box=456.2x265.8
2026-05-29 14:39:53,128 [INFO] echostream.server: heatmap padding pct=0.080 box_area_ratio=0.4003 box=461.2x266.7
2026-05-29 14:39:53,157 [INFO] echostream.server: heatmap padding pct=0.080 box_area_ratio=0.4041 box=465.8x266.5
2026-05-29 14:39:53,190 [INFO] echostream.server: heatmap padding pct=0.080 box_area_ratio=0.4159 box=474.6x269.2
2026-05-29 14:39:53,225 [INFO] echostream.server: heatmap padding pct=0.080 box_area_ratio=0.4230 box=476.9x272.5
2026-05-29 14:39:53,260 [INFO] echostream.server: heatmap padding pct=0.080 box_area_ratio=0.4261 box=477.5x274.2
2026-05-29 14:39:53,436 [INFO] echostream.server: heatmap padding pct=0.080 box_area_ratio=0.4128 box=463.3x273.7
2026-05-29 14:39:53,465 [INFO] echostream.server: heatmap padding pct=0.080 box_area_ratio=0.4058 box=455.4x273.7
2026-05-29 14:39:53,500 [INFO] echostream.server: heatmap padding pct=0.080 box_area_ratio=0.4000 box=447.3x274.7
2026-05-29 14:39:53,538 [INFO] echostream.server: heatmap padding pct=0.080 box_area_ratio=0.3993 box=445.7x275.2
2026-05-29 14:39:53,574 [INFO] echostream.server: heatmap padding pct=0.080 box_area_ratio=0.4011 box=444.6x277.1
2026-05-29 14:39:53,755 [INFO] echostream.server: heatmap padding pct=0.080 box_area_ratio=0.4113 box=451.5x279.8
2026-05-29 14:39:53,784 [INFO] echostream.server: heatmap padding pct=0.080 box_area_ratio=0.4183 box=456.0x281.8
2026-05-29 14:39:53,816 [INFO] echostream.server: heatmap padding pct=0.080 box_area_ratio=0.4187 box=455.0x282.7
2026-05-29 14:39:53,853 [INFO] echostream.server: heatmap padding pct=0.080 box_area_ratio=0.4155 box=453.0x281.7
2026-05-29 14:39:53,890 [INFO] echostream.server: heatmap padding pct=0.080 box_area_ratio=0.4178 box=455.8x281.6
2026-05-29 14:39:54,092 [INFO] echostream.server: heatmap padding pct=0.080 box_area_ratio=0.4237 box=459.8x283.1
2026-05-29 14:39:54,126 [INFO] echostream.server: heatmap padding pct=0.080 box_area_ratio=0.4173 box=456.1x281.1
2026-05-29 14:39:54,161 [INFO] echostream.server: heatmap padding pct=0.080 box_area_ratio=0.4125 box=452.0x280.3
2026-05-29 14:39:54,196 [INFO] echostream.server: heatmap padding pct=0.080 box_area_ratio=0.4144 box=451.9x281.7
2026-05-29 14:39:54,238 [INFO] echostream.server: heatmap padding pct=0.080 box_area_ratio=0.4165 box=451.0x283.7
2026-05-29 14:39:54,502 [INFO] echostream.server: heatmap padding pct=0.080 box_area_ratio=0.4152 box=455.2x280.2
2026-05-29 14:39:54,539 [INFO] echostream.server: heatmap padding pct=0.080 box_area_ratio=0.4145 box=458.9x277.5
2026-05-29 14:39:54,572 [INFO] echostream.server: heatmap padding pct=0.080 box_area_ratio=0.4292 box=477.7x276.0
2026-05-29 14:39:54,609 [INFO] echostream.server: heatmap padding pct=0.080 box_area_ratio=0.4370 box=486.4x276.0
2026-05-29 14:39:54,650 [INFO] echostream.server: heatmap padding pct=0.080 box_area_ratio=0.4341 box=483.8x275.6
2026-05-29 14:39:54,901 [INFO] echostream.server: heatmap padding pct=0.080 box_area_ratio=0.4180 box=466.1x275.5
2026-05-29 14:39:54,936 [INFO] echostream.server: heatmap padding pct=0.080 box_area_ratio=0.4291 box=477.3x276.2
2026-05-29 14:39:54,974 [INFO] echostream.server: heatmap padding pct=0.080 box_area_ratio=0.4462 box=485.4x282.4
2026-05-29 14:39:55,011 [INFO] echostream.server: heatmap padding pct=0.080 box_area_ratio=0.4291 box=469.5x280.8
2026-05-29 14:39:55,050 [INFO] echostream.server: heatmap padding pct=0.080 box_area_ratio=0.4356 box=477.7x280.1
2026-05-29 14:39:55,266 [INFO] echostream.server: heatmap padding pct=0.080 box_area_ratio=0.4392 box=480.6x280.7
2026-05-29 14:39:55,306 [INFO] echostream.server: heatmap padding pct=0.080 box_area_ratio=0.4428 box=485.0x280.5
2026-05-29 14:39:55,342 [INFO] echostream.server: heatmap padding pct=0.080 box_area_ratio=0.4270 box=469.9x279.1
2026-05-29 14:39:55,382 [INFO] echostream.server: heatmap padding pct=0.080 box_area_ratio=0.4431 box=488.1x278.9
2026-05-29 14:39:55,419 [INFO] echostream.server: heatmap padding pct=0.080 box_area_ratio=0.4284 box=473.0x278.2
2026-05-29 14:39:55,632 [INFO] echostream.server: heatmap padding pct=0.080 box_area_ratio=0.4360 box=479.9x279.1
2026-05-29 14:39:55,674 [INFO] echostream.server: heatmap padding pct=0.080 box_area_ratio=0.4222 box=462.9x280.2
2026-05-29 14:39:55,719 [INFO] echostream.server: heatmap padding pct=0.080 box_area_ratio=0.4145 box=452.5x281.4
2026-05-29 14:39:55,756 [INFO] echostream.server: heatmap padding pct=0.080 box_area_ratio=0.4124 box=449.1x282.0
2026-05-29 14:39:55,796 [INFO] echostream.server: heatmap padding pct=0.080 box_area_ratio=0.4201 box=458.1x281.7
2026-05-29 14:39:56,016 [INFO] echostream.server: heatmap padding pct=0.080 box_area_ratio=0.4222 box=459.0x282.6
2026-05-29 14:39:56,057 [INFO] echostream.server: heatmap padding pct=0.080 box_area_ratio=0.4422 box=480.9x282.5
2026-05-29 14:39:56,095 [INFO] echostream.server: heatmap padding pct=0.080 box_area_ratio=0.4273 box=466.9x281.2
2026-05-29 14:39:56,137 [INFO] echostream.server: heatmap padding pct=0.080 box_area_ratio=0.4228 box=459.4x282.7
2026-05-29 14:39:56,174 [INFO] echostream.server: heatmap padding pct=0.080 box_area_ratio=0.4433 box=481.2x283.0
2026-05-29 14:39:56,395 [INFO] echostream.server: heatmap padding pct=0.080 box_area_ratio=0.4256 box=467.4x279.7
2026-05-29 14:39:56,428 [INFO] echostream.server: heatmap padding pct=0.080 box_area_ratio=0.4155 box=458.7x278.3
2026-05-29 14:39:56,463 [INFO] echostream.server: heatmap padding pct=0.080 box_area_ratio=0.4031 box=449.8x275.4
2026-05-29 14:39:56,497 [INFO] echostream.server: heatmap padding pct=0.080 box_area_ratio=0.3896 box=437.1x273.8
2026-05-29 14:39:56,535 [INFO] echostream.server: heatmap padding pct=0.080 box_area_ratio=0.3893 box=437.7x273.2
2026-05-29 14:39:56,764 [INFO] echostream.server: heatmap padding pct=0.080 box_area_ratio=0.3932 box=440.4x274.3
2026-05-29 14:39:56,799 [INFO] echostream.server: heatmap padding pct=0.080 box_area_ratio=0.3912 box=436.9x275.1
2026-05-29 14:39:56,837 [INFO] echostream.server: heatmap padding pct=0.080 box_area_ratio=0.3953 box=441.6x275.0
2026-05-29 14:39:56,874 [INFO] echostream.server: heatmap padding pct=0.080 box_area_ratio=0.3970 box=443.5x275.0
2026-05-29 14:39:56,906 [INFO] echostream.server: heatmap padding pct=0.080 box_area_ratio=0.3929 box=438.9x275.0
2026-05-29 14:39:57,116 [INFO] echostream.server: heatmap padding pct=0.080 box_area_ratio=0.3959 box=441.3x275.6
2026-05-29 14:39:57,149 [INFO] echostream.server: heatmap padding pct=0.080 box_area_ratio=0.3957 box=440.6x275.9
2026-05-29 14:39:57,187 [INFO] echostream.server: heatmap padding pct=0.080 box_area_ratio=0.4021 box=446.5x276.6
2026-05-29 14:39:57,224 [INFO] echostream.server: heatmap padding pct=0.080 box_area_ratio=0.4052 box=449.4x277.0
2026-05-29 14:39:57,265 [INFO] echostream.server: heatmap padding pct=0.080 box_area_ratio=0.4157 box=461.7x276.6
2026-05-29 14:39:57,452 [INFO] echostream.server: heatmap padding pct=0.080 box_area_ratio=0.4102 box=458.0x275.1
2026-05-29 14:39:57,491 [INFO] echostream.server: heatmap padding pct=0.080 box_area_ratio=0.4009 box=448.0x274.9
2026-05-29 14:39:57,526 [INFO] echostream.server: heatmap padding pct=0.080 box_area_ratio=0.4000 box=447.2x274.8
2026-05-29 14:39:57,561 [INFO] echostream.server: heatmap padding pct=0.080 box_area_ratio=0.3998 box=447.0x274.8
2026-05-29 14:39:57,597 [INFO] echostream.server: heatmap padding pct=0.080 box_area_ratio=0.4060 box=452.9x275.4
2026-05-29 14:39:57,774 [INFO] echostream.server: heatmap padding pct=0.080 box_area_ratio=0.4027 box=449.5x275.2
2026-05-29 14:39:57,806 [INFO] echostream.server: heatmap padding pct=0.080 box_area_ratio=0.3985 box=445.0x275.1
2026-05-29 14:39:57,840 [INFO] echostream.server: heatmap padding pct=0.080 box_area_ratio=0.4003 box=447.2x275.0
2026-05-29 14:39:57,874 [INFO] echostream.server: heatmap padding pct=0.080 box_area_ratio=0.4021 box=449.2x275.0
2026-05-29 14:39:57,908 [INFO] echostream.server: heatmap padding pct=0.080 box_area_ratio=0.4022 box=449.3x275.0
2026-05-29 14:39:58,121 [INFO] echostream.server: heatmap padding pct=0.080 box_area_ratio=0.4013 box=449.3x274.4
2026-05-29 14:39:58,156 [INFO] echostream.server: heatmap padding pct=0.080 box_area_ratio=0.3956 box=443.4x274.1
2026-05-29 14:39:58,192 [INFO] echostream.server: heatmap padding pct=0.080 box_area_ratio=0.3972 box=446.4x273.3
2026-05-29 14:39:58,227 [INFO] echostream.server: heatmap padding pct=0.080 box_area_ratio=0.3982 box=447.2x273.5
2026-05-29 14:39:58,263 [INFO] echostream.server: heatmap padding pct=0.080 box_area_ratio=0.3972 box=444.9x274.3
2026-05-29 14:39:58,477 [INFO] echostream.server: heatmap padding pct=0.080 box_area_ratio=0.3946 box=441.2x274.8
2026-05-29 14:39:58,512 [INFO] echostream.server: heatmap padding pct=0.080 box_area_ratio=0.3937 box=439.7x275.0
2026-05-29 14:39:58,554 [INFO] echostream.server: heatmap padding pct=0.080 box_area_ratio=0.3949 box=440.9x275.1
2026-05-29 14:39:58,591 [INFO] echostream.server: heatmap padding pct=0.080 box_area_ratio=0.3902 box=436.6x274.6
2026-05-29 14:39:58,629 [INFO] echostream.server: heatmap padding pct=0.080 box_area_ratio=0.3952 box=441.8x274.8
2026-05-29 14:39:58,804 [INFO] echostream.server: heatmap padding pct=0.080 box_area_ratio=0.3952 box=441.6x274.9
2026-05-29 14:39:58,836 [INFO] echostream.server: heatmap padding pct=0.080 box_area_ratio=0.3977 box=444.3x275.0
2026-05-29 14:39:58,873 [INFO] echostream.server: heatmap padding pct=0.080 box_area_ratio=0.3999 box=445.8x275.6
2026-05-29 14:39:58,908 [INFO] echostream.server: heatmap padding pct=0.080 box_area_ratio=0.3994 box=441.8x277.7
2026-05-29 14:39:58,945 [INFO] echostream.server: heatmap padding pct=0.080 box_area_ratio=0.3984 box=441.7x277.1
2026-05-29 14:39:59,159 [INFO] echostream.server: heatmap padding pct=0.080 box_area_ratio=0.4016 box=446.9x276.0
2026-05-29 14:39:59,200 [INFO] echostream.server: heatmap padding pct=0.080 box_area_ratio=0.4059 box=452.8x275.4
2026-05-29 14:39:59,238 [INFO] echostream.server: heatmap padding pct=0.080 box_area_ratio=0.4043 box=452.5x274.4
2026-05-29 14:39:59,275 [INFO] echostream.server: heatmap padding pct=0.080 box_area_ratio=0.3978 box=446.1x274.0
2026-05-29 14:39:59,317 [INFO] echostream.server: heatmap padding pct=0.080 box_area_ratio=0.4041 box=452.5x274.3
2026-05-29 14:39:59,500 [INFO] echostream.server: heatmap padding pct=0.080 box_area_ratio=0.4006 box=447.1x275.2
2026-05-29 14:39:59,534 [INFO] echostream.server: heatmap padding pct=0.080 box_area_ratio=0.4174 box=464.0x276.3
2026-05-29 14:39:59,571 [INFO] echostream.server: heatmap padding pct=0.080 box_area_ratio=0.4292 box=476.1x276.9
2026-05-29 14:39:59,603 [INFO] echostream.server: heatmap padding pct=0.080 box_area_ratio=0.4189 box=467.2x275.5
2026-05-29 14:39:59,641 [INFO] echostream.server: heatmap padding pct=0.080 box_area_ratio=0.4113 box=459.2x275.1
2026-05-29 14:39:59,844 [INFO] echostream.server: heatmap padding pct=0.080 box_area_ratio=0.4027 box=450.9x274.4
2026-05-29 14:39:59,884 [INFO] echostream.server: heatmap padding pct=0.080 box_area_ratio=0.3996 box=448.1x274.0
2026-05-29 14:39:59,922 [INFO] echostream.server: heatmap padding pct=0.080 box_area_ratio=0.4006 box=449.4x273.8
2026-05-29 14:39:59,961 [INFO] echostream.server: heatmap padding pct=0.080 box_area_ratio=0.3988 box=448.4x273.2
2026-05-29 14:39:59,998 [INFO] echostream.server: heatmap padding pct=0.080 box_area_ratio=0.3996 box=449.8x272.9
2026-05-29 14:40:00,182 [INFO] echostream.server: heatmap padding pct=0.080 box_area_ratio=0.4009 box=451.5x272.8
2026-05-29 14:40:00,220 [INFO] echostream.server: heatmap padding pct=0.080 box_area_ratio=0.4023 box=453.0x272.8
2026-05-29 14:40:00,255 [INFO] echostream.server: heatmap padding pct=0.080 box_area_ratio=0.4033 box=455.1x272.3
2026-05-29 14:40:00,289 [INFO] echostream.server: heatmap padding pct=0.080 box_area_ratio=0.4047 box=456.1x272.6
2026-05-29 14:40:00,325 [INFO] echostream.server: heatmap padding pct=0.080 box_area_ratio=0.4052 box=455.4x273.4
2026-05-29 14:40:00,528 [INFO] echostream.server: heatmap padding pct=0.080 box_area_ratio=0.4040 box=454.2x273.2
2026-05-29 14:40:00,570 [INFO] echostream.server: heatmap padding pct=0.080 box_area_ratio=0.3999 box=448.8x273.7
2026-05-29 14:40:00,609 [INFO] echostream.server: heatmap padding pct=0.080 box_area_ratio=0.4127 box=463.7x273.4
2026-05-29 14:40:00,653 [INFO] echostream.server: heatmap padding pct=0.080 box_area_ratio=0.4175 box=468.5x273.8
2026-05-29 14:40:00,692 [INFO] echostream.server: heatmap padding pct=0.080 box_area_ratio=0.4228 box=474.0x274.0
2026-05-29 14:40:00,895 [INFO] echostream.server: heatmap padding pct=0.080 box_area_ratio=0.4092 box=458.7x274.1
2026-05-29 14:40:00,937 [INFO] echostream.server: heatmap padding pct=0.080 box_area_ratio=0.4008 box=449.2x274.1
2026-05-29 14:40:00,974 [INFO] echostream.server: heatmap padding pct=0.080 box_area_ratio=0.4170 box=468.4x273.5
2026-05-29 14:40:01,012 [INFO] echostream.server: heatmap padding pct=0.080 box_area_ratio=0.4269 box=480.1x273.2
2026-05-29 14:40:01,050 [INFO] echostream.server: heatmap padding pct=0.080 box_area_ratio=0.4357 box=490.3x273.0
2026-05-29 14:40:01,247 [INFO] echostream.server: heatmap padding pct=0.080 box_area_ratio=0.4347 box=489.4x272.9
2026-05-29 14:40:01,287 [INFO] echostream.server: heatmap padding pct=0.080 box_area_ratio=0.4353 box=490.0x272.9
2026-05-29 14:40:01,327 [INFO] echostream.server: heatmap padding pct=0.080 box_area_ratio=0.4169 box=468.2x273.5
2026-05-29 14:40:01,366 [INFO] echostream.server: heatmap padding pct=0.080 box_area_ratio=0.4123 box=460.5x275.0
2026-05-29 14:40:01,407 [INFO] echostream.server: heatmap padding pct=0.080 box_area_ratio=0.4043 box=451.2x275.3
2026-05-29 14:40:01,641 [INFO] echostream.server: heatmap padding pct=0.080 box_area_ratio=0.3938 box=442.2x273.6
2026-05-29 14:40:01,676 [INFO] echostream.server: heatmap padding pct=0.080 box_area_ratio=0.3902 box=439.9x272.6
2026-05-29 14:40:01,714 [INFO] echostream.server: heatmap padding pct=0.080 box_area_ratio=0.3888 box=439.2x272.0
2026-05-29 14:40:01,748 [INFO] echostream.server: heatmap padding pct=0.080 box_area_ratio=0.3869 box=437.3x271.8
2026-05-29 14:40:01,789 [INFO] echostream.server: heatmap padding pct=0.080 box_area_ratio=0.4093 box=461.8x272.3
2026-05-29 14:40:02,028 [INFO] echostream.server: heatmap padding pct=0.080 box_area_ratio=0.4042 box=455.4x272.7
2026-05-29 14:40:02,061 [INFO] echostream.server: heatmap padding pct=0.080 box_area_ratio=0.4061 box=457.2x272.9
2026-05-29 14:40:02,099 [INFO] echostream.server: heatmap padding pct=0.080 box_area_ratio=0.4043 box=455.0x273.0
2026-05-29 14:40:02,135 [INFO] echostream.server: heatmap padding pct=0.080 box_area_ratio=0.4025 box=452.9x273.1
2026-05-29 14:40:02,172 [INFO] echostream.server: heatmap padding pct=0.080 box_area_ratio=0.4220 box=474.7x273.1
2026-05-29 14:40:02,401 [INFO] echostream.server: heatmap padding pct=0.080 box_area_ratio=0.4126 box=464.2x273.1
2026-05-29 14:40:02,435 [INFO] echostream.server: heatmap padding pct=0.080 box_area_ratio=0.4026 box=452.9x273.0
2026-05-29 14:40:02,470 [INFO] echostream.server: heatmap padding pct=0.080 box_area_ratio=0.3979 box=448.7x272.4
2026-05-29 14:40:02,505 [INFO] echostream.server: heatmap padding pct=0.080 box_area_ratio=0.3960 box=446.2x272.7
2026-05-29 14:40:02,541 [INFO] echostream.server: heatmap padding pct=0.080 box_area_ratio=0.3926 box=443.0x272.3
2026-05-29 14:40:02,780 [INFO] echostream.server: heatmap padding pct=0.080 box_area_ratio=0.3931 box=443.9x272.0
2026-05-29 14:40:02,815 [INFO] echostream.server: heatmap padding pct=0.080 box_area_ratio=0.3924 box=443.2x271.9
2026-05-29 14:40:02,854 [INFO] echostream.server: heatmap padding pct=0.080 box_area_ratio=0.3927 box=443.7x271.9
2026-05-29 14:40:02,891 [INFO] echostream.server: heatmap padding pct=0.080 box_area_ratio=0.3967 box=448.2x271.9
2026-05-29 14:40:02,926 [INFO] echostream.server: heatmap padding pct=0.080 box_area_ratio=0.3955 box=446.8x271.9
2026-05-29 14:40:03,136 [INFO] echostream.server: heatmap padding pct=0.080 box_area_ratio=0.3971 box=447.6x272.5
2026-05-29 14:40:03,170 [INFO] echostream.server: heatmap padding pct=0.080 box_area_ratio=0.3956 box=446.3x272.3
2026-05-29 14:40:03,207 [INFO] echostream.server: heatmap padding pct=0.080 box_area_ratio=0.3926 box=443.1x272.1
2026-05-29 14:40:03,245 [INFO] echostream.server: heatmap padding pct=0.080 box_area_ratio=0.3924 box=443.1x272.0
2026-05-29 14:40:03,280 [INFO] echostream.server: heatmap padding pct=0.080 box_area_ratio=0.3917 box=443.3x271.4
2026-05-29 14:40:03,498 [INFO] echostream.server: heatmap padding pct=0.080 box_area_ratio=0.3896 box=440.6x271.6
2026-05-29 14:40:03,531 [INFO] echostream.server: heatmap padding pct=0.080 box_area_ratio=0.3896 box=440.3x271.8
2026-05-29 14:40:03,567 [INFO] echostream.server: heatmap padding pct=0.080 box_area_ratio=0.3872 box=437.4x271.9
2026-05-29 14:40:03,602 [INFO] echostream.server: heatmap padding pct=0.080 box_area_ratio=0.3854 box=435.3x272.0
2026-05-29 14:40:03,636 [INFO] echostream.server: heatmap padding pct=0.080 box_area_ratio=0.3959 box=447.1x272.0
2026-05-29 14:40:03,848 [INFO] echostream.server: heatmap padding pct=0.080 box_area_ratio=0.3934 box=444.3x272.0
2026-05-29 14:40:03,884 [INFO] echostream.server: heatmap padding pct=0.080 box_area_ratio=0.3921 box=442.8x272.0
2026-05-29 14:40:03,920 [INFO] echostream.server: heatmap padding pct=0.080 box_area_ratio=0.3917 box=442.4x272.0
2026-05-29 14:40:03,954 [INFO] echostream.server: heatmap padding pct=0.080 box_area_ratio=0.3922 box=443.8x271.4
2026-05-29 14:40:03,993 [INFO] echostream.server: heatmap padding pct=0.080 box_area_ratio=0.3866 box=437.2x271.7
2026-05-29 14:40:04,203 [INFO] echostream.server: heatmap padding pct=0.080 box_area_ratio=0.3843 box=433.3x272.4
2026-05-29 14:40:04,243 [INFO] echostream.server: heatmap padding pct=0.080 box_area_ratio=0.3832 box=431.4x272.9
2026-05-29 14:40:04,282 [INFO] echostream.server: heatmap padding pct=0.080 box_area_ratio=0.3993 box=449.2x273.1
2026-05-29 14:40:04,320 [INFO] echostream.server: heatmap padding pct=0.080 box_area_ratio=0.4016 box=451.7x273.1
2026-05-29 14:40:04,361 [INFO] echostream.server: heatmap padding pct=0.080 box_area_ratio=0.4053 box=455.8x273.1
2026-05-29 14:40:04,567 [INFO] echostream.server: heatmap padding pct=0.080 box_area_ratio=0.4110 box=462.3x273.1
2026-05-29 14:40:04,607 [INFO] echostream.server: heatmap padding pct=0.080 box_area_ratio=0.4100 box=461.3x273.1
2026-05-29 14:40:04,645 [INFO] echostream.server: heatmap padding pct=0.080 box_area_ratio=0.4042 box=454.8x273.0
2026-05-29 14:40:04,683 [INFO] echostream.server: heatmap padding pct=0.080 box_area_ratio=0.3981 box=448.9x272.4
2026-05-29 14:40:04,721 [INFO] echostream.server: heatmap padding pct=0.080 box_area_ratio=0.3968 box=447.9x272.1
2026-05-29 14:40:04,923 [INFO] echostream.server: heatmap padding pct=0.080 box_area_ratio=0.3969 box=448.3x271.9
2026-05-29 14:40:04,962 [INFO] echostream.server: heatmap padding pct=0.080 box_area_ratio=0.3972 box=448.8x271.9
2026-05-29 14:40:04,997 [INFO] echostream.server: heatmap padding pct=0.080 box_area_ratio=0.4000 box=451.0x272.5
2026-05-29 14:40:05,035 [INFO] echostream.server: heatmap padding pct=0.080 box_area_ratio=0.4026 box=452.4x273.4
2026-05-29 14:40:05,071 [INFO] echostream.server: heatmap padding pct=0.080 box_area_ratio=0.4005 box=450.2x273.3
2026-05-29 14:40:05,271 [INFO] echostream.server: heatmap padding pct=0.080 box_area_ratio=0.3961 box=445.3x273.2
2026-05-29 14:40:05,309 [INFO] echostream.server: heatmap padding pct=0.080 box_area_ratio=0.3961 box=445.5x273.2
2026-05-29 14:40:05,339 [INFO] echostream.server: heatmap padding pct=0.080 box_area_ratio=0.3953 box=444.7x273.1
2026-05-29 14:40:05,376 [INFO] echostream.server: heatmap padding pct=0.080 box_area_ratio=0.3971 box=446.8x273.0
2026-05-29 14:40:05,412 [INFO] echostream.server: heatmap padding pct=0.080 box_area_ratio=0.3953 box=445.8x272.4
2026-05-29 14:40:05,605 [INFO] echostream.server: heatmap padding pct=0.080 box_area_ratio=0.3935 box=445.2x271.5
2026-05-29 14:40:05,643 [INFO] echostream.server: heatmap padding pct=0.080 box_area_ratio=0.3928 box=444.3x271.6
2026-05-29 14:40:05,678 [INFO] echostream.server: heatmap padding pct=0.080 box_area_ratio=0.3915 box=444.5x270.6
2026-05-29 14:40:05,714 [INFO] echostream.server: heatmap padding pct=0.080 box_area_ratio=0.3932 box=446.4x270.6
2026-05-29 14:40:05,753 [INFO] echostream.server: heatmap padding pct=0.080 box_area_ratio=0.4183 box=474.7x270.7
2026-05-29 14:40:05,937 [INFO] echostream.server: heatmap padding pct=0.080 box_area_ratio=0.4090 box=463.1x271.4
2026-05-29 14:40:05,970 [INFO] echostream.server: heatmap padding pct=0.080 box_area_ratio=0.4050 box=457.7x271.8
2026-05-29 14:40:06,004 [INFO] echostream.server: heatmap padding pct=0.080 box_area_ratio=0.3982 box=449.7x272.0
2026-05-29 14:40:06,039 [INFO] echostream.server: heatmap padding pct=0.080 box_area_ratio=0.3948 box=445.7x272.1
2026-05-29 14:40:06,077 [INFO] echostream.server: heatmap padding pct=0.080 box_area_ratio=0.3927 box=443.3x272.1
2026-05-29 14:40:06,269 [INFO] echostream.server: heatmap padding pct=0.080 box_area_ratio=0.3948 box=444.7x272.7
2026-05-29 14:40:06,304 [INFO] echostream.server: heatmap padding pct=0.080 box_area_ratio=0.3904 box=440.2x272.4
2026-05-29 14:40:06,340 [INFO] echostream.server: heatmap padding pct=0.080 box_area_ratio=0.3931 box=443.7x272.2
2026-05-29 14:40:06,378 [INFO] echostream.server: heatmap padding pct=0.080 box_area_ratio=0.3940 box=444.8x272.1
2026-05-29 14:40:06,414 [INFO] echostream.server: heatmap padding pct=0.080 box_area_ratio=0.3959 box=446.2x272.6
2026-05-29 14:40:06,608 [INFO] echostream.server: heatmap padding pct=0.080 box_area_ratio=0.3941 box=444.6x272.3
2026-05-29 14:40:06,643 [INFO] echostream.server: heatmap padding pct=0.080 box_area_ratio=0.4143 box=466.7x272.7
2026-05-29 14:40:06,677 [INFO] echostream.server: heatmap padding pct=0.080 box_area_ratio=0.4009 box=452.2x272.4
2026-05-29 14:40:06,712 [INFO] echostream.server: heatmap padding pct=0.080 box_area_ratio=0.3933 box=443.9x272.1
2026-05-29 14:40:06,746 [INFO] echostream.server: heatmap padding pct=0.080 box_area_ratio=0.3928 box=442.7x272.6
2026-05-29 14:40:06,973 [INFO] echostream.server: heatmap padding pct=0.080 box_area_ratio=0.3845 box=433.8x272.3
2026-05-29 14:40:07,010 [INFO] echostream.server: heatmap padding pct=0.080 box_area_ratio=0.3774 box=426.1x272.1
2026-05-29 14:40:07,048 [INFO] echostream.server: heatmap padding pct=0.080 box_area_ratio=0.3935 box=444.4x272.0
2026-05-29 14:40:07,087 [INFO] echostream.server: heatmap padding pct=0.080 box_area_ratio=0.4014 box=453.5x272.0
2026-05-29 14:40:07,125 [INFO] echostream.server: heatmap padding pct=0.080 box_area_ratio=0.3938 box=444.9x272.0
2026-05-29 14:40:07,325 [INFO] echostream.server: heatmap padding pct=0.080 box_area_ratio=0.3919 box=442.7x272.0
2026-05-29 14:40:07,363 [INFO] echostream.server: heatmap padding pct=0.080 box_area_ratio=0.3922 box=442.0x272.5
2026-05-29 14:40:07,399 [INFO] echostream.server: heatmap padding pct=0.080 box_area_ratio=0.3888 box=437.7x272.9
2026-05-29 14:40:07,433 [INFO] echostream.server: heatmap padding pct=0.080 box_area_ratio=0.3869 box=435.3x273.1
2026-05-29 14:40:07,468 [INFO] echostream.server: heatmap padding pct=0.080 box_area_ratio=0.3883 box=437.7x272.5
2026-05-29 14:40:07,730 [INFO] echostream.server: heatmap padding pct=0.080 box_area_ratio=0.3927 box=442.3x272.8
2026-05-29 14:40:07,768 [INFO] echostream.server: heatmap padding pct=0.080 box_area_ratio=0.3960 box=446.7x272.4
2026-05-29 14:40:07,810 [INFO] echostream.server: heatmap padding pct=0.080 box_area_ratio=0.3977 box=449.1x272.1
2026-05-29 14:40:07,848 [INFO] echostream.server: heatmap padding pct=0.080 box_area_ratio=0.3989 box=450.6x272.0
2026-05-29 14:40:07,885 [INFO] echostream.server: heatmap padding pct=0.080 box_area_ratio=0.3947 box=445.9x271.9
2026-05-29 14:40:08,110 [INFO] echostream.server: heatmap padding pct=0.080 box_area_ratio=0.4125 box=466.1x271.9
2026-05-29 14:40:08,146 [INFO] echostream.server: heatmap padding pct=0.080 box_area_ratio=0.4223 box=477.1x271.9
2026-05-29 14:40:08,181 [INFO] echostream.server: heatmap padding pct=0.080 box_area_ratio=0.4341 box=490.4x272.0
2026-05-29 14:40:08,219 [INFO] echostream.server: heatmap padding pct=0.080 box_area_ratio=0.4366 box=492.1x272.5
2026-05-29 14:40:08,253 [INFO] echostream.server: heatmap padding pct=0.080 box_area_ratio=0.4305 box=484.7x272.9
2026-05-29 14:40:08,468 [INFO] echostream.server: heatmap padding pct=0.080 box_area_ratio=0.4323 box=487.4x272.5
2026-05-29 14:40:08,506 [INFO] echostream.server: heatmap padding pct=0.080 box_area_ratio=0.4382 box=494.5x272.2
2026-05-29 14:40:08,540 [INFO] echostream.server: heatmap padding pct=0.080 box_area_ratio=0.4371 box=493.6x272.1
2026-05-29 14:40:08,579 [INFO] echostream.server: heatmap padding pct=0.080 box_area_ratio=0.4390 box=494.8x272.6
2026-05-29 14:40:08,611 [INFO] echostream.server: heatmap padding pct=0.080 box_area_ratio=0.4141 box=466.2x272.9
2026-05-29 14:40:08,824 [INFO] echostream.server: heatmap padding pct=0.080 box_area_ratio=0.4061 box=455.9x273.6
2026-05-29 14:40:08,862 [INFO] echostream.server: heatmap padding pct=0.080 box_area_ratio=0.4042 box=453.2x274.0
2026-05-29 14:40:08,897 [INFO] echostream.server: heatmap padding pct=0.080 box_area_ratio=0.4053 box=454.1x274.2
2026-05-29 14:40:08,936 [INFO] echostream.server: heatmap padding pct=0.080 box_area_ratio=0.4104 box=459.8x274.2
2026-05-29 14:40:08,969 [INFO] echostream.server: heatmap padding pct=0.080 box_area_ratio=0.4137 box=462.5x274.7
2026-05-29 14:40:09,181 [INFO] echostream.server: heatmap padding pct=0.080 box_area_ratio=0.4168 box=466.5x274.5
2026-05-29 14:40:09,218 [INFO] echostream.server: heatmap padding pct=0.080 box_area_ratio=0.4098 box=457.1x275.4
2026-05-29 14:40:09,256 [INFO] echostream.server: heatmap padding pct=0.080 box_area_ratio=0.4067 box=453.8x275.3
2026-05-29 14:40:09,293 [INFO] echostream.server: heatmap padding pct=0.080 box_area_ratio=0.4271 box=477.7x274.7
2026-05-29 14:40:09,324 [INFO] echostream.server: heatmap padding pct=0.080 box_area_ratio=0.4167 box=462.8x276.6
2026-05-29 14:40:09,543 [INFO] echostream.server: heatmap padding pct=0.080 box_area_ratio=0.4107 box=454.5x277.7
2026-05-29 14:40:09,578 [INFO] echostream.server: heatmap padding pct=0.080 box_area_ratio=0.4037 box=445.8x278.2
2026-05-29 14:40:09,612 [INFO] echostream.server: heatmap padding pct=0.080 box_area_ratio=0.3992 box=439.6x279.0
2026-05-29 14:40:09,650 [INFO] echostream.server: heatmap padding pct=0.080 box_area_ratio=0.4003 box=440.3x279.3
2026-05-29 14:40:09,688 [INFO] echostream.server: heatmap padding pct=0.080 box_area_ratio=0.4042 box=444.5x279.4
2026-05-29 14:40:09,907 [INFO] echostream.server: heatmap padding pct=0.080 box_area_ratio=0.4112 box=453.2x278.7
2026-05-29 14:40:09,943 [INFO] echostream.server: heatmap padding pct=0.080 box_area_ratio=0.4160 box=458.2x278.9
2026-05-29 14:40:09,984 [INFO] echostream.server: heatmap padding pct=0.080 box_area_ratio=0.4337 box=477.5x279.0
2026-05-29 14:40:10,028 [INFO] echostream.server: heatmap padding pct=0.080 box_area_ratio=0.4303 box=474.7x278.5
2026-05-29 14:40:10,057 [INFO] echostream.server: heatmap padding pct=0.080 box_area_ratio=0.4275 box=471.1x278.7
2026-05-29 14:40:10,250 [INFO] echostream.server: heatmap padding pct=0.080 box_area_ratio=0.4205 box=463.2x278.9
2026-05-29 14:40:10,288 [INFO] echostream.server: heatmap padding pct=0.080 box_area_ratio=0.4213 box=463.0x279.6
2026-05-29 14:40:10,326 [INFO] echostream.server: heatmap padding pct=0.080 box_area_ratio=0.4162 box=456.7x279.9
2026-05-29 14:40:10,363 [INFO] echostream.server: heatmap padding pct=0.080 box_area_ratio=0.4234 box=464.3x280.1
2026-05-29 14:40:10,396 [INFO] echostream.server: heatmap padding pct=0.080 box_area_ratio=0.4153 box=456.4x279.6
2026-05-29 14:40:10,588 [INFO] echostream.server: heatmap padding pct=0.080 box_area_ratio=0.4118 box=451.1x280.4
2026-05-29 14:40:10,625 [INFO] echostream.server: heatmap padding pct=0.080 box_area_ratio=0.4079 box=446.2x280.9
2026-05-29 14:40:10,659 [INFO] echostream.server: heatmap padding pct=0.080 box_area_ratio=0.4082 box=446.2x281.1
2026-05-29 14:40:10,693 [INFO] echostream.server: heatmap padding pct=0.080 box_area_ratio=0.4117 box=450.8x280.6
2026-05-29 14:40:10,730 [INFO] echostream.server: heatmap padding pct=0.080 box_area_ratio=0.4068 box=446.9x279.7
2026-05-29 14:40:10,982 [INFO] echostream.server: heatmap padding pct=0.080 box_area_ratio=0.4005 box=443.5x277.4
2026-05-29 14:40:11,018 [INFO] echostream.server: heatmap padding pct=0.080 box_area_ratio=0.4006 box=447.5x275.0
2026-05-29 14:40:11,056 [INFO] echostream.server: heatmap padding pct=0.080 box_area_ratio=0.4000 box=450.7x272.6
2026-05-29 14:40:11,094 [INFO] echostream.server: heatmap padding pct=0.080 box_area_ratio=0.4020 box=454.9x271.5
2026-05-29 14:40:11,123 [INFO] echostream.server: heatmap padding pct=0.080 box_area_ratio=0.3993 box=452.4x271.1
2026-05-29 14:40:11,335 [INFO] echostream.server: heatmap padding pct=0.080 box_area_ratio=0.4010 box=455.3x270.6
2026-05-29 14:40:11,370 [INFO] echostream.server: heatmap padding pct=0.080 box_area_ratio=0.4027 box=457.5x270.4
2026-05-29 14:40:11,409 [INFO] echostream.server: heatmap padding pct=0.080 box_area_ratio=0.3994 box=452.7x271.1
2026-05-29 14:40:11,445 [INFO] echostream.server: heatmap padding pct=0.080 box_area_ratio=0.4149 box=469.4x271.5
2026-05-29 14:40:11,477 [INFO] echostream.server: heatmap padding pct=0.080 box_area_ratio=0.4155 box=468.6x272.4
2026-05-29 14:40:11,698 [INFO] echostream.server: heatmap padding pct=0.080 box_area_ratio=0.4096 box=462.1x272.3
2026-05-29 14:40:11,735 [INFO] echostream.server: heatmap padding pct=0.080 box_area_ratio=0.4022 box=453.9x272.2
2026-05-29 14:40:11,769 [INFO] echostream.server: heatmap padding pct=0.080 box_area_ratio=0.3945 box=446.3x271.5
2026-05-29 14:40:11,805 [INFO] echostream.server: heatmap padding pct=0.080 box_area_ratio=0.3927 box=443.0x272.3
2026-05-29 14:40:11,844 [INFO] echostream.server: heatmap padding pct=0.080 box_area_ratio=0.3918 box=441.2x272.8
2026-05-29 14:40:12,081 [INFO] echostream.server: heatmap padding pct=0.080 box_area_ratio=0.3947 box=443.2x273.6
2026-05-29 14:40:12,115 [INFO] echostream.server: heatmap padding pct=0.080 box_area_ratio=0.3991 box=446.5x274.6
2026-05-29 14:40:12,153 [INFO] echostream.server: heatmap padding pct=0.080 box_area_ratio=0.4028 box=449.8x275.1
2026-05-29 14:40:12,188 [INFO] echostream.server: heatmap padding pct=0.080 box_area_ratio=0.4056 box=451.6x275.9
2026-05-29 14:40:12,228 [INFO] echostream.server: heatmap padding pct=0.080 box_area_ratio=0.4079 box=453.6x276.2
2026-05-29 14:40:12,448 [INFO] echostream.server: heatmap padding pct=0.080 box_area_ratio=0.4070 box=453.4x275.8
2026-05-29 14:40:12,482 [INFO] echostream.server: heatmap padding pct=0.080 box_area_ratio=0.4058 box=453.6x274.8
2026-05-29 14:40:12,518 [INFO] echostream.server: heatmap padding pct=0.080 box_area_ratio=0.4018 box=450.1x274.3
2026-05-29 14:40:12,559 [INFO] echostream.server: heatmap padding pct=0.080 box_area_ratio=0.4184 box=468.2x274.5
2026-05-29 14:40:12,600 [INFO] echostream.server: heatmap padding pct=0.080 box_area_ratio=0.4230 box=472.9x274.8
2026-05-29 14:40:12,822 [INFO] echostream.server: heatmap padding pct=0.080 box_area_ratio=0.4113 box=459.7x274.9
2026-05-29 14:40:12,857 [INFO] echostream.server: heatmap padding pct=0.080 box_area_ratio=0.4169 box=465.7x275.0
2026-05-29 14:40:12,894 [INFO] echostream.server: heatmap padding pct=0.080 box_area_ratio=0.4057 box=453.2x275.0
2026-05-29 14:40:12,931 [INFO] echostream.server: heatmap padding pct=0.080 box_area_ratio=0.4136 box=462.0x275.0
2026-05-29 14:40:12,964 [INFO] echostream.server: heatmap padding pct=0.080 box_area_ratio=0.4075 box=454.3x275.6
2026-05-29 14:40:13,191 [INFO] echostream.server: heatmap padding pct=0.080 box_area_ratio=0.4152 box=461.3x276.5
2026-05-29 14:40:13,226 [INFO] echostream.server: heatmap padding pct=0.080 box_area_ratio=0.4195 box=466.2x276.4
2026-05-29 14:40:13,265 [INFO] echostream.server: heatmap padding pct=0.080 box_area_ratio=0.4365 box=483.3x277.4
2026-05-29 14:40:13,301 [INFO] echostream.server: heatmap padding pct=0.080 box_area_ratio=0.4371 box=484.0x277.4
2026-05-29 14:40:13,338 [INFO] echostream.server: heatmap padding pct=0.080 box_area_ratio=0.4356 box=481.6x277.9
2026-05-29 14:40:13,550 [INFO] echostream.server: heatmap padding pct=0.080 box_area_ratio=0.4195 box=461.5x279.3
2026-05-29 14:40:13,586 [INFO] echostream.server: heatmap padding pct=0.080 box_area_ratio=0.4123 box=454.2x278.9
2026-05-29 14:40:13,625 [INFO] echostream.server: heatmap padding pct=0.080 box_area_ratio=0.4088 box=450.9x278.5
2026-05-29 14:40:13,661 [INFO] echostream.server: heatmap padding pct=0.080 box_area_ratio=0.4084 box=450.0x278.8
2026-05-29 14:40:13,696 [INFO] echostream.server: heatmap padding pct=0.080 box_area_ratio=0.4012 box=442.7x278.4
2026-05-29 14:40:13,896 [INFO] echostream.server: heatmap padding pct=0.080 box_area_ratio=0.4171 box=461.6x277.6
2026-05-29 14:40:13,932 [INFO] echostream.server: heatmap padding pct=0.080 box_area_ratio=0.4294 box=476.0x277.1
2026-05-29 14:40:13,969 [INFO] echostream.server: heatmap padding pct=0.080 box_area_ratio=0.4342 box=479.7x278.0
2026-05-29 14:40:14,005 [INFO] echostream.server: heatmap padding pct=0.080 box_area_ratio=0.4456 box=492.3x278.1
2026-05-29 14:40:14,036 [INFO] echostream.server: heatmap padding pct=0.080 box_area_ratio=0.4437 box=488.1x279.2
2026-05-29 14:40:14,245 [INFO] echostream.server: heatmap padding pct=0.080 box_area_ratio=0.4523 box=495.5x280.4
2026-05-29 14:40:14,281 [INFO] echostream.server: heatmap padding pct=0.080 box_area_ratio=0.4564 box=500.9x279.9
2026-05-29 14:40:14,317 [INFO] echostream.server: heatmap padding pct=0.080 box_area_ratio=0.4600 box=506.6x278.9
2026-05-29 14:40:14,356 [INFO] echostream.server: heatmap padding pct=0.080 box_area_ratio=0.4518 box=498.7x278.3
2026-05-29 14:40:14,385 [INFO] echostream.server: heatmap padding pct=0.080 box_area_ratio=0.4516 box=498.0x278.6
2026-05-29 14:40:14,597 [INFO] echostream.server: heatmap padding pct=0.080 box_area_ratio=0.4296 box=471.5x279.9
2026-05-29 14:40:14,631 [INFO] echostream.server: heatmap padding pct=0.080 box_area_ratio=0.4156 box=455.7x280.1
2026-05-29 14:40:14,666 [INFO] echostream.server: heatmap padding pct=0.080 box_area_ratio=0.4114 box=451.0x280.2
2026-05-29 14:40:14,703 [INFO] echostream.server: heatmap padding pct=0.080 box_area_ratio=0.4155 box=454.6x280.8
2026-05-29 14:40:14,744 [INFO] echostream.server: heatmap padding pct=0.080 box_area_ratio=0.4202 box=459.3x281.0
2026-05-29 14:40:14,963 [INFO] echostream.server: heatmap padding pct=0.080 box_area_ratio=0.4221 box=460.3x281.7
2026-05-29 14:40:14,999 [INFO] echostream.server: heatmap padding pct=0.080 box_area_ratio=0.4239 box=461.6x282.1
2026-05-29 14:40:15,038 [INFO] echostream.server: heatmap padding pct=0.080 box_area_ratio=0.4251 box=463.7x281.6
2026-05-29 14:40:15,077 [INFO] echostream.server: heatmap padding pct=0.080 box_area_ratio=0.4249 box=463.0x281.9
2026-05-29 14:40:15,120 [INFO] echostream.server: heatmap padding pct=0.080 box_area_ratio=0.4206 box=459.1x281.4
2026-05-29 14:40:15,349 [INFO] echostream.server: heatmap padding pct=0.080 box_area_ratio=0.4203 box=457.4x282.3
2026-05-29 14:40:15,386 [INFO] echostream.server: heatmap padding pct=0.080 box_area_ratio=0.4107 box=447.9x281.7
2026-05-29 14:40:15,424 [INFO] echostream.server: heatmap padding pct=0.080 box_area_ratio=0.3997 box=437.5x280.7
2026-05-29 14:40:15,457 [INFO] echostream.server: heatmap padding pct=0.080 box_area_ratio=0.3957 box=433.9x280.1
2026-05-29 14:40:15,490 [INFO] echostream.server: heatmap padding pct=0.080 box_area_ratio=0.3935 box=432.8x279.3
2026-05-29 14:40:15,711 [INFO] echostream.server: heatmap padding pct=0.080 box_area_ratio=0.4028 box=438.2x282.3
2026-05-29 14:40:15,749 [INFO] echostream.server: heatmap padding pct=0.080 box_area_ratio=0.4095 box=443.6x283.6
2026-05-29 14:40:15,785 [INFO] echostream.server: heatmap padding pct=0.080 box_area_ratio=0.4021 box=438.1x281.9
2026-05-29 14:40:15,821 [INFO] echostream.server: heatmap padding pct=0.080 box_area_ratio=0.4006 box=436.5x281.9
2026-05-29 14:40:15,852 [INFO] echostream.server: heatmap padding pct=0.080 box_area_ratio=0.4071 box=442.6x282.6
2026-05-29 14:40:16,102 [INFO] echostream.server: heatmap padding pct=0.080 box_area_ratio=0.4116 box=445.2x284.1
2026-05-29 14:40:16,141 [INFO] echostream.server: heatmap padding pct=0.080 box_area_ratio=0.4185 box=452.2x284.3
2026-05-29 14:40:16,182 [INFO] echostream.server: heatmap padding pct=0.080 box_area_ratio=0.4205 box=457.1x282.6
2026-05-29 14:40:16,221 [INFO] echostream.server: heatmap padding pct=0.080 box_area_ratio=0.4223 box=464.6x279.3
2026-05-29 14:40:16,262 [INFO] echostream.server: heatmap padding pct=0.080 box_area_ratio=0.4074 box=450.3x278.0
2026-05-29 14:40:16,486 [INFO] echostream.server: heatmap padding pct=0.080 box_area_ratio=0.4062 box=451.7x276.3
2026-05-29 14:40:16,522 [INFO] echostream.server: heatmap padding pct=0.080 box_area_ratio=0.3978 box=443.6x275.5
2026-05-29 14:40:16,557 [INFO] echostream.server: heatmap padding pct=0.080 box_area_ratio=0.3923 box=437.8x275.3
2026-05-29 14:40:16,593 [INFO] echostream.server: heatmap padding pct=0.080 box_area_ratio=0.3899 box=435.0x275.3
2026-05-29 14:40:16,626 [INFO] echostream.server: heatmap padding pct=0.080 box_area_ratio=0.3874 box=432.9x274.9
2026-05-29 14:40:16,850 [INFO] echostream.server: heatmap padding pct=0.080 box_area_ratio=0.3892 box=433.4x275.9
2026-05-29 14:40:16,885 [INFO] echostream.server: heatmap padding pct=0.080 box_area_ratio=0.3884 box=432.4x276.0
2026-05-29 14:40:16,918 [INFO] echostream.server: heatmap padding pct=0.080 box_area_ratio=0.3906 box=433.8x276.6
2026-05-29 14:40:16,952 [INFO] echostream.server: heatmap padding pct=0.080 box_area_ratio=0.3868 box=429.1x276.9
2026-05-29 14:40:16,987 [INFO] echostream.server: heatmap padding pct=0.080 box_area_ratio=0.3948 box=438.6x276.5
2026-05-29 14:40:17,216 [INFO] echostream.server: heatmap padding pct=0.080 box_area_ratio=0.4181 box=464.0x276.8
2026-05-29 14:40:17,256 [INFO] echostream.server: heatmap padding pct=0.080 box_area_ratio=0.4207 box=466.6x277.0
2026-05-29 14:40:17,295 [INFO] echostream.server: heatmap padding pct=0.080 box_area_ratio=0.4406 box=488.6x277.0
2026-05-29 14:40:17,334 [INFO] echostream.server: heatmap padding pct=0.080 box_area_ratio=0.4422 box=491.3x276.5
2026-05-29 14:40:17,367 [INFO] echostream.server: heatmap padding pct=0.080 box_area_ratio=0.4388 box=489.2x275.6
2026-05-29 14:40:17,566 [INFO] echostream.server: heatmap padding pct=0.080 box_area_ratio=0.4347 box=485.5x275.1
2026-05-29 14:40:17,604 [INFO] echostream.server: heatmap padding pct=0.080 box_area_ratio=0.4202 box=468.7x275.4
2026-05-29 14:40:17,639 [INFO] echostream.server: heatmap padding pct=0.080 box_area_ratio=0.4183 box=465.2x276.3
2026-05-29 14:40:17,676 [INFO] echostream.server: heatmap padding pct=0.080 box_area_ratio=0.4177 box=462.7x277.4
2026-05-29 14:40:17,707 [INFO] echostream.server: heatmap padding pct=0.080 box_area_ratio=0.4249 box=467.7x279.1
2026-05-29 14:40:17,931 [INFO] echostream.server: heatmap padding pct=0.080 box_area_ratio=0.4307 box=470.5x281.2
2026-05-29 14:40:17,965 [INFO] echostream.server: heatmap padding pct=0.080 box_area_ratio=0.4413 box=477.4x284.0
2026-05-29 14:40:17,999 [INFO] echostream.server: heatmap padding pct=0.080 box_area_ratio=0.4462 box=478.4x286.5
2026-05-29 14:40:18,035 [INFO] echostream.server: heatmap padding pct=0.080 box_area_ratio=0.4467 box=477.9x287.1
2026-05-29 14:40:18,070 [INFO] echostream.server: heatmap padding pct=0.080 box_area_ratio=0.4490 box=478.5x288.3
2026-05-29 14:40:18,301 [INFO] echostream.server: heatmap padding pct=0.080 box_area_ratio=0.4656 box=495.4x288.7
2026-05-29 14:40:18,337 [INFO] echostream.server: heatmap padding pct=0.080 box_area_ratio=0.4724 box=502.6x288.8
2026-05-29 14:40:18,373 [INFO] echostream.server: heatmap padding pct=0.080 box_area_ratio=0.4697 box=499.9x288.6
2026-05-29 14:40:18,410 [INFO] echostream.server: heatmap padding pct=0.080 box_area_ratio=0.4661 box=497.4x287.9
2026-05-29 14:40:18,440 [INFO] echostream.server: heatmap padding pct=0.080 box_area_ratio=0.4634 box=495.4x287.4
2026-05-29 14:40:18,659 [INFO] echostream.server: heatmap padding pct=0.080 box_area_ratio=0.4691 box=501.0x287.7
2026-05-29 14:40:18,693 [INFO] echostream.server: heatmap padding pct=0.080 box_area_ratio=0.4681 box=499.6x287.8
2026-05-29 14:40:18,727 [INFO] echostream.server: heatmap padding pct=0.080 box_area_ratio=0.4637 box=496.7x286.8
2026-05-29 14:40:18,767 [INFO] echostream.server: heatmap padding pct=0.080 box_area_ratio=0.4579 box=491.5x286.2
2026-05-29 14:40:18,799 [INFO] echostream.server: heatmap padding pct=0.080 box_area_ratio=0.4603 box=492.6x287.1
2026-05-29 14:40:19,002 [INFO] echostream.server: heatmap padding pct=0.080 box_area_ratio=0.4606 box=493.0x287.0
2026-05-29 14:40:19,036 [INFO] echostream.server: heatmap padding pct=0.080 box_area_ratio=0.4619 box=493.4x287.6
2026-05-29 14:40:19,074 [INFO] echostream.server: heatmap padding pct=0.080 box_area_ratio=0.4572 box=487.9x287.9
2026-05-29 14:40:19,114 [INFO] echostream.server: heatmap padding pct=0.080 box_area_ratio=0.4609 box=490.5x288.6
2026-05-29 14:40:19,149 [INFO] echostream.server: heatmap padding pct=0.080 box_area_ratio=0.4587 box=486.6x289.6
2026-05-29 14:40:19,427 [INFO] echostream.server: heatmap padding pct=0.080 box_area_ratio=0.4645 box=491.9x290.1
2026-05-29 14:40:19,469 [INFO] echostream.server: heatmap padding pct=0.080 box_area_ratio=0.4554 box=481.9x290.3
2026-05-29 14:40:19,509 [INFO] echostream.server: heatmap padding pct=0.080 box_area_ratio=0.4541 box=482.4x289.1
2026-05-29 14:40:19,546 [INFO] echostream.server: heatmap padding pct=0.080 box_area_ratio=0.4552 box=476.2x293.6
2026-05-29 14:40:19,579 [INFO] echostream.server: heatmap padding pct=0.080 box_area_ratio=0.4633 box=480.5x296.2
2026-05-29 14:40:19,817 [INFO] echostream.server: heatmap padding pct=0.080 box_area_ratio=0.4694 box=485.7x296.9
2026-05-29 14:40:19,854 [INFO] echostream.server: heatmap padding pct=0.080 box_area_ratio=0.4690 box=484.2x297.6
2026-05-29 14:40:19,891 [INFO] echostream.server: heatmap padding pct=0.080 box_area_ratio=0.4615 box=476.1x297.7
2026-05-29 14:40:19,929 [INFO] echostream.server: heatmap padding pct=0.080 box_area_ratio=0.4591 box=473.8x297.7
2026-05-29 14:40:19,959 [INFO] echostream.server: heatmap padding pct=0.080 box_area_ratio=0.4661 box=480.4x298.1
2026-05-29 14:40:20,188 [INFO] echostream.server: heatmap padding pct=0.080 box_area_ratio=0.4636 box=477.6x298.2
2026-05-29 14:40:20,221 [INFO] echostream.server: heatmap padding pct=0.080 box_area_ratio=0.4642 box=478.2x298.2
2026-05-29 14:40:20,256 [INFO] echostream.server: heatmap padding pct=0.080 box_area_ratio=0.4704 box=485.5x297.6
2026-05-29 14:40:20,291 [INFO] echostream.server: heatmap padding pct=0.080 box_area_ratio=0.4766 box=498.4x293.8
2026-05-29 14:40:20,328 [INFO] echostream.server: heatmap padding pct=0.080 box_area_ratio=0.4762 box=503.7x290.4
2026-05-29 14:40:20,543 [INFO] echostream.server: heatmap padding pct=0.080 box_area_ratio=0.4746 box=504.0x289.3
2026-05-29 14:40:20,575 [INFO] echostream.server: heatmap padding pct=0.080 box_area_ratio=0.4676 box=498.2x288.4
2026-05-29 14:40:20,614 [INFO] echostream.server: heatmap padding pct=0.080 box_area_ratio=0.4604 box=491.9x287.5
2026-05-29 14:40:20,648 [INFO] echostream.server: heatmap padding pct=0.080 box_area_ratio=0.4573 box=487.1x288.4
2026-05-29 14:40:20,686 [INFO] echostream.server: heatmap padding pct=0.080 box_area_ratio=0.4578 box=483.5x290.9
2026-05-29 14:40:20,910 [INFO] echostream.server: heatmap padding pct=0.080 box_area_ratio=0.4606 box=483.0x292.9
2026-05-29 14:40:20,948 [INFO] echostream.server: heatmap padding pct=0.080 box_area_ratio=0.4619 box=482.6x294.0
2026-05-29 14:40:20,985 [INFO] echostream.server: heatmap padding pct=0.080 box_area_ratio=0.4598 box=478.7x295.0
2026-05-29 14:40:21,020 [INFO] echostream.server: heatmap padding pct=0.080 box_area_ratio=0.4618 box=480.2x295.5
2026-05-29 14:40:21,053 [INFO] echostream.server: heatmap padding pct=0.080 box_area_ratio=0.4564 box=474.4x295.6
2026-05-29 14:40:21,301 [INFO] echostream.server: heatmap padding pct=0.080 box_area_ratio=0.4631 box=480.6x296.1
2026-05-29 14:40:21,343 [INFO] echostream.server: heatmap padding pct=0.080 box_area_ratio=0.4670 box=483.3x296.8
2026-05-29 14:40:21,379 [INFO] echostream.server: heatmap padding pct=0.080 box_area_ratio=0.4705 box=485.4x297.8
2026-05-29 14:40:21,415 [INFO] echostream.server: heatmap padding pct=0.080 box_area_ratio=0.4671 box=481.2x298.2
2026-05-29 14:40:21,452 [INFO] echostream.server: heatmap padding pct=0.080 box_area_ratio=0.4631 box=476.8x298.4
2026-05-29 14:40:21,693 [INFO] echostream.server: heatmap padding pct=0.080 box_area_ratio=0.4690 box=484.8x297.2
2026-05-29 14:40:21,732 [INFO] echostream.server: heatmap padding pct=0.080 box_area_ratio=0.4733 box=491.4x295.9
2026-05-29 14:40:21,774 [INFO] echostream.server: heatmap padding pct=0.080 box_area_ratio=0.4733 box=492.6x295.1
2026-05-29 14:40:21,817 [INFO] echostream.server: heatmap padding pct=0.080 box_area_ratio=0.4701 box=489.9x294.8
2026-05-29 14:40:21,859 [INFO] echostream.server: heatmap padding pct=0.080 box_area_ratio=0.4648 box=484.5x294.7
2026-05-29 14:40:22,089 [INFO] echostream.server: heatmap padding pct=0.080 box_area_ratio=0.4648 box=483.6x295.3
2026-05-29 14:40:22,127 [INFO] echostream.server: heatmap padding pct=0.080 box_area_ratio=0.4702 box=485.6x297.4
2026-05-29 14:40:22,163 [INFO] echostream.server: heatmap padding pct=0.080 box_area_ratio=0.4773 box=491.0x298.6
2026-05-29 14:40:22,202 [INFO] echostream.server: heatmap padding pct=0.080 box_area_ratio=0.4914 box=501.6x301.0
2026-05-29 14:40:22,243 [INFO] echostream.server: heatmap padding pct=0.080 box_area_ratio=0.4919 box=501.0x301.6
2026-05-29 14:40:22,479 [INFO] echostream.server: heatmap padding pct=0.080 box_area_ratio=0.4918 box=501.7x301.1
2026-05-29 14:40:22,515 [INFO] echostream.server: heatmap padding pct=0.080 box_area_ratio=0.4818 box=494.1x299.6
2026-05-29 14:40:22,556 [INFO] echostream.server: heatmap padding pct=0.080 box_area_ratio=0.4834 box=496.4x299.2
2026-05-29 14:40:22,596 [INFO] echostream.server: heatmap padding pct=0.080 box_area_ratio=0.4639 box=477.7x298.4
2026-05-29 14:40:22,639 [INFO] echostream.server: heatmap padding pct=0.080 box_area_ratio=0.4529 box=466.9x298.0
2026-05-29 14:40:22,895 [INFO] echostream.server: heatmap padding pct=0.080 box_area_ratio=0.4429 box=456.0x298.4
2026-05-29 14:40:23,442 [INFO] echostream.server: heatmap padding pct=0.080 box_area_ratio=0.4318 box=444.1x298.7
2026-05-29 14:40:23,481 [INFO] echostream.server: heatmap padding pct=0.080 box_area_ratio=0.4220 box=434.0x298.7
2026-05-29 14:40:23,514 [INFO] echostream.server: heatmap padding pct=0.080 box_area_ratio=0.4122 box=423.9x298.7
2026-05-29 14:40:23,552 [INFO] echostream.server: heatmap padding pct=0.080 box_area_ratio=0.4469 box=468.4x293.1
2026-05-29 14:40:23,649 [INFO] echostream.server: heatmap padding pct=0.080 box_area_ratio=0.4641 box=488.5x291.9
2026-05-29 14:40:23,684 [INFO] echostream.server: heatmap padding pct=0.080 box_area_ratio=0.4541 box=479.7x290.8
2026-05-29 14:40:23,719 [INFO] echostream.server: heatmap padding pct=0.080 box_area_ratio=0.4515 box=477.7x290.4
2026-05-29 14:40:23,748 [INFO] echostream.server: heatmap padding pct=0.080 box_area_ratio=0.4585 box=484.1x290.9
2026-05-29 14:40:23,783 [INFO] echostream.server: heatmap padding pct=0.080 box_area_ratio=0.4647 box=490.0x291.4
2026-05-29 14:40:23,967 [INFO] echostream.server: heatmap padding pct=0.080 box_area_ratio=0.4684 box=494.0x291.3
2026-05-29 14:40:24,002 [INFO] echostream.server: heatmap padding pct=0.080 box_area_ratio=0.4721 box=498.1x291.1
2026-05-29 14:40:24,036 [INFO] echostream.server: heatmap padding pct=0.080 box_area_ratio=0.4757 box=502.2x291.0
2026-05-29 14:40:24,106 [INFO] echostream.server: heatmap padding pct=0.080 box_area_ratio=0.4794 box=506.2x290.9
2026-05-29 14:40:24,148 [INFO] echostream.server: heatmap padding pct=0.080 box_area_ratio=0.4830 box=510.3x290.8
2026-05-29 14:40:24,342 [INFO] echostream.server: heatmap padding pct=0.080 box_area_ratio=0.4867 box=514.3x290.7
2026-05-29 14:40:24,373 [INFO] echostream.server: heatmap padding pct=0.080 box_area_ratio=0.4903 box=518.4x290.6
2026-05-29 14:40:24,409 [INFO] echostream.server: heatmap padding pct=0.080 box_area_ratio=0.4940 box=522.4x290.5
2026-05-29 14:40:24,440 [INFO] echostream.server: heatmap padding pct=0.080 box_area_ratio=0.4976 box=526.5x290.4
2026-05-29 14:40:24,471 [INFO] echostream.server: heatmap padding pct=0.080 box_area_ratio=0.5013 box=530.6x290.2
2026-05-29 14:40:25,024 [INFO] echostream.server: heatmap padding pct=0.080 box_area_ratio=0.4974 box=506.0x302.0
2026-05-29 14:40:25,059 [INFO] echostream.server: heatmap padding pct=0.080 box_area_ratio=0.4937 box=502.2x302.0
2026-05-29 14:40:25,094 [INFO] echostream.server: heatmap padding pct=0.080 box_area_ratio=0.4855 box=493.9x302.0
2026-05-29 14:40:25,130 [INFO] echostream.server: heatmap padding pct=0.080 box_area_ratio=0.4878 box=494.9x302.8
2026-05-29 14:40:25,166 [INFO] echostream.server: heatmap padding pct=0.080 box_area_ratio=0.4883 box=501.9x298.9
2026-05-29 14:40:25,369 [INFO] echostream.server: heatmap padding pct=0.080 box_area_ratio=0.4815 box=500.0x295.9
2026-05-29 14:40:25,410 [INFO] echostream.server: heatmap padding pct=0.080 box_area_ratio=0.4772 box=497.7x294.5
2026-05-29 14:40:25,447 [INFO] echostream.server: heatmap padding pct=0.080 box_area_ratio=0.4840 box=511.7x290.5
2026-05-29 14:40:25,481 [INFO] echostream.server: heatmap padding pct=0.080 box_area_ratio=0.4615 box=492.3x288.0
2026-05-29 14:40:25,515 [INFO] echostream.server: heatmap padding pct=0.080 box_area_ratio=0.4530 box=484.1x287.5
2026-05-29 14:40:25,713 [INFO] echostream.server: heatmap padding pct=0.080 box_area_ratio=0.4667 box=498.5x287.6
2026-05-29 14:40:25,747 [INFO] echostream.server: heatmap padding pct=0.080 box_area_ratio=0.4699 box=502.4x287.3
2026-05-29 14:40:25,781 [INFO] echostream.server: heatmap padding pct=0.080 box_area_ratio=0.4681 box=501.4x286.8
2026-05-29 14:40:25,816 [INFO] echostream.server: heatmap padding pct=0.080 box_area_ratio=0.4634 box=497.7x286.0
2026-05-29 14:40:25,853 [INFO] echostream.server: heatmap padding pct=0.080 box_area_ratio=0.4659 box=499.9x286.3
2026-05-29 14:40:26,072 [INFO] echostream.server: heatmap padding pct=0.080 box_area_ratio=0.4681 box=505.9x284.2
2026-05-29 14:40:26,106 [INFO] echostream.server: heatmap padding pct=0.080 box_area_ratio=0.4687 box=508.4x283.2
2026-05-29 14:40:26,141 [INFO] echostream.server: heatmap padding pct=0.080 box_area_ratio=0.4343 box=471.8x282.8
2026-05-29 14:40:26,178 [INFO] echostream.server: heatmap padding pct=0.080 box_area_ratio=0.3892 box=431.5x277.1
2026-05-29 14:40:26,209 [INFO] echostream.server: heatmap padding pct=0.080 box_area_ratio=0.3684 box=412.0x274.7
2026-05-29 14:40:26,405 [INFO] echostream.server: heatmap padding pct=0.080 box_area_ratio=0.4031 box=460.1x269.1
2026-05-29 14:40:26,443 [INFO] echostream.server: heatmap padding pct=0.080 box_area_ratio=0.4055 box=468.4x265.9
2026-05-29 14:40:26,479 [INFO] echostream.server: heatmap padding pct=0.080 box_area_ratio=0.4106 box=472.5x266.9
2026-05-29 14:40:26,515 [INFO] echostream.server: heatmap padding pct=0.080 box_area_ratio=0.4102 box=470.3x267.9
2026-05-29 14:40:26,553 [INFO] echostream.server: heatmap padding pct=0.080 box_area_ratio=0.3992 box=456.3x268.8
2026-05-29 14:40:26,773 [INFO] echostream.server: heatmap padding pct=0.080 box_area_ratio=0.4142 box=471.2x270.0
2026-05-29 14:40:26,810 [INFO] echostream.server: heatmap padding pct=0.080 box_area_ratio=0.4229 box=481.0x270.1
2026-05-29 14:40:26,850 [INFO] echostream.server: heatmap padding pct=0.080 box_area_ratio=0.4439 box=506.9x269.0
2026-05-29 14:40:26,886 [INFO] echostream.server: heatmap padding pct=0.080 box_area_ratio=0.4565 box=521.5x268.9
2026-05-29 14:40:26,922 [INFO] echostream.server: heatmap padding pct=0.080 box_area_ratio=0.4565 box=520.5x269.4
2026-05-29 14:40:27,150 [INFO] echostream.server: heatmap padding pct=0.080 box_area_ratio=0.4573 box=519.6x270.4
2026-05-29 14:40:27,185 [INFO] echostream.server: heatmap padding pct=0.080 box_area_ratio=0.4560 box=512.7x273.2
2026-05-29 14:40:27,218 [INFO] echostream.server: heatmap padding pct=0.080 box_area_ratio=0.4520 box=508.6x273.0
2026-05-29 14:40:27,252 [INFO] echostream.server: heatmap padding pct=0.080 box_area_ratio=0.4446 box=507.2x269.3
2026-05-29 14:40:27,291 [INFO] echostream.server: heatmap padding pct=0.080 box_area_ratio=0.4346 box=505.5x264.1
2026-05-29 14:40:27,514 [INFO] echostream.server: heatmap padding pct=0.080 box_area_ratio=0.4347 box=511.0x261.3
2026-05-29 14:40:27,550 [INFO] echostream.server: heatmap padding pct=0.080 box_area_ratio=0.4301 box=510.3x258.9
2026-05-29 14:40:27,590 [INFO] echostream.server: heatmap padding pct=0.080 box_area_ratio=0.4241 box=506.3x257.3
2026-05-29 14:40:27,626 [INFO] echostream.server: heatmap padding pct=0.080 box_area_ratio=0.4256 box=509.1x256.8
2026-05-29 14:40:27,663 [INFO] echostream.server: heatmap padding pct=0.080 box_area_ratio=0.4334 box=516.1x258.0
2026-05-29 14:40:27,872 [INFO] echostream.server: heatmap padding pct=0.080 box_area_ratio=0.4373 box=522.4x257.2
2026-05-29 14:40:27,909 [INFO] echostream.server: heatmap padding pct=0.080 box_area_ratio=0.4384 box=519.8x259.1
2026-05-29 14:40:27,944 [INFO] echostream.server: heatmap padding pct=0.080 box_area_ratio=0.4357 box=513.1x260.9
2026-05-29 14:40:27,980 [INFO] echostream.server: heatmap padding pct=0.080 box_area_ratio=0.4300 box=505.5x261.3
2026-05-29 14:40:28,014 [INFO] echostream.server: heatmap padding pct=0.080 box_area_ratio=0.4291 box=503.2x262.0
2026-05-29 14:40:28,205 [INFO] echostream.server: heatmap padding pct=0.080 box_area_ratio=0.4412 box=514.5x263.4
2026-05-29 14:40:28,242 [INFO] echostream.server: heatmap padding pct=0.080 box_area_ratio=0.4458 box=517.4x264.7
2026-05-29 14:40:28,277 [INFO] echostream.server: heatmap padding pct=0.080 box_area_ratio=0.4510 box=519.9x266.5
2026-05-29 14:40:28,314 [INFO] echostream.server: heatmap padding pct=0.080 box_area_ratio=0.4503 box=516.3x267.9
2026-05-29 14:40:28,350 [INFO] echostream.server: heatmap padding pct=0.080 box_area_ratio=0.4467 box=511.1x268.5
2026-05-29 14:40:28,557 [INFO] echostream.server: heatmap padding pct=0.080 box_area_ratio=0.4494 box=514.9x268.1
2026-05-29 14:40:28,593 [INFO] echostream.server: heatmap padding pct=0.080 box_area_ratio=0.4508 box=513.9x269.4
2026-05-29 14:40:28,629 [INFO] echostream.server: heatmap padding pct=0.080 box_area_ratio=0.4534 box=515.6x270.1
2026-05-29 14:40:28,666 [INFO] echostream.server: heatmap padding pct=0.080 box_area_ratio=0.4385 box=499.3x269.8
2026-05-29 14:40:28,702 [INFO] echostream.server: heatmap padding pct=0.080 box_area_ratio=0.4413 box=500.9x270.7
2026-05-29 14:40:28,912 [INFO] echostream.server: heatmap padding pct=0.080 box_area_ratio=0.4542 box=513.6x271.7
2026-05-29 14:40:28,952 [INFO] echostream.server: heatmap padding pct=0.080 box_area_ratio=0.4501 box=509.1x271.6
2026-05-29 14:40:28,991 [INFO] echostream.server: heatmap padding pct=0.080 box_area_ratio=0.4522 box=508.5x273.2
2026-05-29 14:40:29,028 [INFO] echostream.server: heatmap padding pct=0.080 box_area_ratio=0.4439 box=496.6x274.6
2026-05-29 14:40:29,068 [INFO] echostream.server: heatmap padding pct=0.080 box_area_ratio=0.4438 box=488.1x279.3
2026-05-29 14:40:29,279 [INFO] echostream.server: heatmap padding pct=0.080 box_area_ratio=0.4671 box=513.3x279.5
2026-05-29 14:40:29,321 [INFO] echostream.server: heatmap padding pct=0.080 box_area_ratio=0.4710 box=523.4x276.4
2026-05-29 14:40:29,361 [INFO] echostream.server: heatmap padding pct=0.080 box_area_ratio=0.4689 box=525.0x274.4
2026-05-29 14:40:29,400 [INFO] echostream.server: heatmap padding pct=0.080 box_area_ratio=0.4644 box=524.2x272.1
2026-05-29 14:40:29,441 [INFO] echostream.server: heatmap padding pct=0.080 box_area_ratio=0.4623 box=524.2x270.9
2026-05-29 14:40:29,650 [INFO] echostream.server: heatmap padding pct=0.080 box_area_ratio=0.4390 box=504.1x267.5
2026-05-29 14:40:29,688 [INFO] echostream.server: heatmap padding pct=0.080 box_area_ratio=0.4281 box=496.9x264.6
2026-05-29 14:40:29,725 [INFO] echostream.server: heatmap padding pct=0.080 box_area_ratio=0.4280 box=497.2x264.4
2026-05-29 14:40:29,760 [INFO] echostream.server: heatmap padding pct=0.080 box_area_ratio=0.4258 box=486.7x268.7
2026-05-29 14:40:29,795 [INFO] echostream.server: heatmap padding pct=0.080 box_area_ratio=0.4213 box=477.9x270.8
2026-05-29 14:40:29,998 [INFO] echostream.server: heatmap padding pct=0.080 box_area_ratio=0.4325 box=498.0x266.8
2026-05-29 14:40:30,035 [INFO] echostream.server: heatmap padding pct=0.080 box_area_ratio=0.4415 box=506.6x267.7
2026-05-29 14:40:30,074 [INFO] echostream.server: heatmap padding pct=0.080 box_area_ratio=0.4476 box=513.4x267.8
2026-05-29 14:40:30,109 [INFO] echostream.server: heatmap padding pct=0.080 box_area_ratio=0.4422 box=511.4x265.6
2026-05-29 14:40:30,148 [INFO] echostream.server: heatmap padding pct=0.080 box_area_ratio=0.4418 box=502.5x270.1
2026-05-29 14:40:30,347 [INFO] echostream.server: heatmap padding pct=0.080 box_area_ratio=0.4474 box=509.2x269.9
2026-05-29 14:40:30,380 [INFO] echostream.server: heatmap padding pct=0.080 box_area_ratio=0.4469 box=509.1x269.6
2026-05-29 14:40:30,417 [INFO] echostream.server: heatmap padding pct=0.080 box_area_ratio=0.4492 box=511.2x270.0
2026-05-29 14:40:30,452 [INFO] echostream.server: heatmap padding pct=0.080 box_area_ratio=0.4548 box=512.8x272.4
2026-05-29 14:40:30,488 [INFO] echostream.server: heatmap padding pct=0.080 box_area_ratio=0.4530 box=507.2x274.4
2026-05-29 14:40:30,708 [INFO] echostream.server: heatmap padding pct=0.080 box_area_ratio=0.4592 box=512.4x275.3
2026-05-29 14:40:30,747 [INFO] echostream.server: heatmap padding pct=0.080 box_area_ratio=0.4606 box=514.4x275.1
2026-05-29 14:40:30,783 [INFO] echostream.server: heatmap padding pct=0.080 box_area_ratio=0.4655 box=519.4x275.3
2026-05-29 14:40:30,818 [INFO] echostream.server: heatmap padding pct=0.080 box_area_ratio=0.4648 box=517.4x275.9
2026-05-29 14:40:30,851 [INFO] echostream.server: heatmap padding pct=0.080 box_area_ratio=0.4553 box=510.7x273.9
2026-05-29 14:40:31,047 [INFO] echostream.server: heatmap padding pct=0.080 box_area_ratio=0.4415 box=504.9x268.6
2026-05-29 14:40:31,082 [INFO] echostream.server: heatmap padding pct=0.080 box_area_ratio=0.4368 box=501.9x267.4
2026-05-29 14:40:31,117 [INFO] echostream.server: heatmap padding pct=0.080 box_area_ratio=0.4337 box=501.2x265.8
2026-05-29 14:40:31,153 [INFO] echostream.server: heatmap padding pct=0.080 box_area_ratio=0.4347 box=501.3x266.4
2026-05-29 14:40:31,191 [INFO] echostream.server: heatmap padding pct=0.080 box_area_ratio=0.4295 box=496.5x265.8
2026-05-29 14:40:31,412 [INFO] echostream.server: heatmap padding pct=0.080 box_area_ratio=0.4240 box=490.5x265.6
2026-05-29 14:40:31,451 [INFO] echostream.server: heatmap padding pct=0.080 box_area_ratio=0.4375 box=510.6x263.3
2026-05-29 14:40:31,485 [INFO] echostream.server: heatmap padding pct=0.080 box_area_ratio=0.4408 box=515.7x262.6
2026-05-29 14:40:31,522 [INFO] echostream.server: heatmap padding pct=0.080 box_area_ratio=0.4458 box=519.6x263.6
2026-05-29 14:40:31,558 [INFO] echostream.server: heatmap padding pct=0.080 box_area_ratio=0.4478 box=518.3x265.4
2026-05-29 14:40:31,764 [INFO] echostream.server: heatmap padding pct=0.080 box_area_ratio=0.4460 box=518.6x264.2
2026-05-29 14:40:31,798 [INFO] echostream.server: heatmap padding pct=0.080 box_area_ratio=0.4445 box=516.1x264.6
2026-05-29 14:40:31,833 [INFO] echostream.server: heatmap padding pct=0.080 box_area_ratio=0.4411 box=514.9x263.1
2026-05-29 14:40:31,869 [INFO] echostream.server: heatmap padding pct=0.080 box_area_ratio=0.4390 box=513.1x262.8
2026-05-29 14:40:31,904 [INFO] echostream.server: heatmap padding pct=0.080 box_area_ratio=0.4449 box=516.8x264.5
2026-05-29 14:40:32,109 [INFO] echostream.server: heatmap padding pct=0.080 box_area_ratio=0.4465 box=516.6x265.5
2026-05-29 14:40:32,141 [INFO] echostream.server: heatmap padding pct=0.080 box_area_ratio=0.4422 box=510.7x266.0
2026-05-29 14:40:32,180 [INFO] echostream.server: heatmap padding pct=0.080 box_area_ratio=0.4375 box=503.7x266.8
2026-05-29 14:40:32,214 [INFO] echostream.server: heatmap padding pct=0.080 box_area_ratio=0.4385 box=506.4x266.0
2026-05-29 14:40:32,255 [INFO] echostream.server: heatmap padding pct=0.080 box_area_ratio=0.4399 box=509.0x265.5
2026-05-29 14:40:32,472 [INFO] echostream.server: heatmap padding pct=0.080 box_area_ratio=0.4558 box=523.5x267.5
2026-05-29 14:40:32,511 [INFO] echostream.server: heatmap padding pct=0.080 box_area_ratio=0.4619 box=529.4x268.0
2026-05-29 14:40:32,549 [INFO] echostream.server: heatmap padding pct=0.080 box_area_ratio=0.4661 box=532.6x268.9
2026-05-29 14:40:32,588 [INFO] echostream.server: heatmap padding pct=0.080 box_area_ratio=0.4687 box=534.8x269.2
2026-05-29 14:40:32,626 [INFO] echostream.server: heatmap padding pct=0.080 box_area_ratio=0.4683 box=533.0x269.9
2026-05-29 14:40:32,827 [INFO] echostream.server: heatmap padding pct=0.080 box_area_ratio=0.4649 box=528.6x270.2
2026-05-29 14:40:32,863 [INFO] echostream.server: heatmap padding pct=0.080 box_area_ratio=0.4611 box=524.0x270.3
2026-05-29 14:40:32,897 [INFO] echostream.server: heatmap padding pct=0.080 box_area_ratio=0.4588 box=521.5x270.3
2026-05-29 14:40:32,931 [INFO] echostream.server: heatmap padding pct=0.080 box_area_ratio=0.4566 box=518.0x270.8
2026-05-29 14:40:32,963 [INFO] echostream.server: heatmap padding pct=0.080 box_area_ratio=0.4586 box=519.8x271.0
2026-05-29 14:40:33,172 [INFO] echostream.server: heatmap padding pct=0.080 box_area_ratio=0.4581 box=522.4x269.4
2026-05-29 14:40:33,208 [INFO] echostream.server: heatmap padding pct=0.080 box_area_ratio=0.4483 box=515.3x267.3
2026-05-29 14:40:33,243 [INFO] echostream.server: heatmap padding pct=0.080 box_area_ratio=0.4464 box=516.5x265.5
2026-05-29 14:40:33,278 [INFO] echostream.server: heatmap padding pct=0.080 box_area_ratio=0.4398 box=509.4x265.3
2026-05-29 14:40:33,315 [INFO] echostream.server: heatmap padding pct=0.080 box_area_ratio=0.4433 box=506.6x268.8
2026-05-29 14:40:33,511 [INFO] echostream.server: heatmap padding pct=0.080 box_area_ratio=0.4625 box=520.0x273.2
2026-05-29 14:40:33,546 [INFO] echostream.server: heatmap padding pct=0.080 box_area_ratio=0.4714 box=527.5x274.5
2026-05-29 14:40:33,580 [INFO] echostream.server: heatmap padding pct=0.080 box_area_ratio=0.4777 box=531.4x276.1
2026-05-29 14:40:33,614 [INFO] echostream.server: heatmap padding pct=0.080 box_area_ratio=0.4802 box=534.1x276.2
2026-05-29 14:40:33,651 [INFO] echostream.server: heatmap padding pct=0.080 box_area_ratio=0.4771 box=533.3x274.8
2026-05-29 14:40:33,844 [INFO] echostream.server: heatmap padding pct=0.080 box_area_ratio=0.4703 box=524.2x275.6
2026-05-29 14:40:33,877 [INFO] echostream.server: heatmap padding pct=0.080 box_area_ratio=0.4623 box=513.5x276.6
2026-05-29 14:40:33,912 [INFO] echostream.server: heatmap padding pct=0.080 box_area_ratio=0.4528 box=504.1x275.9
2026-05-29 14:40:33,950 [INFO] echostream.server: heatmap padding pct=0.080 box_area_ratio=0.4448 box=496.1x275.5
2026-05-29 14:40:33,987 [INFO] echostream.server: heatmap padding pct=0.080 box_area_ratio=0.4419 box=495.4x274.0
2026-05-29 14:40:34,219 [INFO] echostream.server: heatmap padding pct=0.080 box_area_ratio=0.4473 box=511.6x268.6
2026-05-29 14:40:34,255 [INFO] echostream.server: heatmap padding pct=0.080 box_area_ratio=0.4524 box=521.1x266.7
2026-05-29 14:40:34,292 [INFO] echostream.server: heatmap padding pct=0.080 box_area_ratio=0.4505 box=521.4x265.4
2026-05-29 14:40:34,330 [INFO] echostream.server: heatmap padding pct=0.080 box_area_ratio=0.4532 box=523.2x266.1
2026-05-29 14:40:34,365 [INFO] echostream.server: heatmap padding pct=0.080 box_area_ratio=0.4509 box=520.2x266.2
2026-05-29 14:40:34,578 [INFO] echostream.server: heatmap padding pct=0.080 box_area_ratio=0.4374 box=506.5x265.3
2026-05-29 14:40:34,615 [INFO] echostream.server: heatmap padding pct=0.080 box_area_ratio=0.4259 box=495.1x264.2
2026-05-29 14:40:34,650 [INFO] echostream.server: heatmap padding pct=0.080 box_area_ratio=0.4314 box=500.3x264.9
2026-05-29 14:40:34,692 [INFO] echostream.server: heatmap padding pct=0.080 box_area_ratio=0.4392 box=510.6x264.3
2026-05-29 14:40:34,730 [INFO] echostream.server: heatmap padding pct=0.080 box_area_ratio=0.4420 box=512.2x265.1
2026-05-29 14:40:34,936 [INFO] echostream.server: heatmap padding pct=0.080 box_area_ratio=0.4525 box=522.1x266.2
2026-05-29 14:40:34,981 [INFO] echostream.server: heatmap padding pct=0.080 box_area_ratio=0.4577 box=526.9x266.8
2026-05-29 14:40:35,019 [INFO] echostream.server: heatmap padding pct=0.080 box_area_ratio=0.4580 box=529.0x266.0
2026-05-29 14:40:35,057 [INFO] echostream.server: heatmap padding pct=0.080 box_area_ratio=0.4469 box=517.3x265.4
2026-05-29 14:40:35,100 [INFO] echostream.server: heatmap padding pct=0.080 box_area_ratio=0.4425 box=508.3x267.4
2026-05-29 14:40:35,279 [INFO] echostream.server: heatmap padding pct=0.080 box_area_ratio=0.4444 box=515.0x265.1
2026-05-29 14:40:35,312 [INFO] echostream.server: heatmap padding pct=0.080 box_area_ratio=0.4444 box=516.6x264.3
2026-05-29 14:40:35,347 [INFO] echostream.server: heatmap padding pct=0.080 box_area_ratio=0.4436 box=518.7x262.7
2026-05-29 14:40:35,383 [INFO] echostream.server: heatmap padding pct=0.080 box_area_ratio=0.4471 box=519.8x264.2
2026-05-29 14:40:35,419 [INFO] echostream.server: heatmap padding pct=0.080 box_area_ratio=0.4537 box=522.1x267.0
2026-05-29 14:40:35,603 [INFO] echostream.server: heatmap padding pct=0.080 box_area_ratio=0.4507 box=513.4x269.7
2026-05-29 14:40:35,634 [INFO] echostream.server: heatmap padding pct=0.080 box_area_ratio=0.4391 box=501.9x268.8
2026-05-29 14:40:35,669 [INFO] echostream.server: heatmap padding pct=0.080 box_area_ratio=0.4447 box=503.1x271.5
2026-05-29 14:40:35,712 [INFO] echostream.server: heatmap padding pct=0.080 box_area_ratio=0.4438 box=499.4x273.0
2026-05-29 14:40:35,747 [INFO] echostream.server: heatmap padding pct=0.080 box_area_ratio=0.4365 box=489.1x274.2
2026-05-29 14:40:35,942 [INFO] echostream.server: heatmap padding pct=0.080 box_area_ratio=0.4438 box=496.4x274.6
2026-05-29 14:40:35,973 [INFO] echostream.server: heatmap padding pct=0.080 box_area_ratio=0.4546 box=507.3x275.3
2026-05-29 14:40:36,011 [INFO] echostream.server: heatmap padding pct=0.080 box_area_ratio=0.4559 box=507.3x276.1
2026-05-29 14:40:36,046 [INFO] echostream.server: heatmap padding pct=0.080 box_area_ratio=0.4570 box=508.0x276.4
2026-05-29 14:40:36,084 [INFO] echostream.server: heatmap padding pct=0.080 box_area_ratio=0.4536 box=504.0x276.4
2026-05-29 14:40:36,295 [INFO] echostream.server: heatmap padding pct=0.080 box_area_ratio=0.4467 box=498.6x275.2
2026-05-29 14:40:36,336 [INFO] echostream.server: heatmap padding pct=0.080 box_area_ratio=0.4587 box=512.4x275.0
2026-05-29 14:40:36,376 [INFO] echostream.server: heatmap padding pct=0.080 box_area_ratio=0.4602 box=514.2x274.9
2026-05-29 14:40:36,414 [INFO] echostream.server: heatmap padding pct=0.080 box_area_ratio=0.4633 box=519.9x273.8
2026-05-29 14:40:36,452 [INFO] echostream.server: heatmap padding pct=0.080 box_area_ratio=0.4620 box=516.4x274.8
2026-05-29 14:40:36,648 [INFO] echostream.server: heatmap padding pct=0.080 box_area_ratio=0.4700 box=519.6x277.8
2026-05-29 14:40:36,682 [INFO] echostream.server: heatmap padding pct=0.080 box_area_ratio=0.4711 box=516.6x280.1
2026-05-29 14:40:36,715 [INFO] echostream.server: heatmap padding pct=0.080 box_area_ratio=0.4691 box=512.3x281.3
2026-05-29 14:40:36,753 [INFO] echostream.server: heatmap padding pct=0.080 box_area_ratio=0.4646 box=509.8x280.0
2026-05-29 14:40:36,789 [INFO] echostream.server: heatmap padding pct=0.080 box_area_ratio=0.4614 box=508.0x279.0
2026-05-29 14:40:37,002 [INFO] echostream.server: heatmap padding pct=0.080 box_area_ratio=0.4670 box=515.3x278.4
2026-05-29 14:40:37,040 [INFO] echostream.server: heatmap padding pct=0.080 box_area_ratio=0.4690 box=519.2x277.5
2026-05-29 14:40:37,079 [INFO] echostream.server: heatmap padding pct=0.080 box_area_ratio=0.4663 box=517.2x277.0
2026-05-29 14:40:37,115 [INFO] echostream.server: heatmap padding pct=0.080 box_area_ratio=0.4627 box=515.7x275.6
2026-05-29 14:40:37,152 [INFO] echostream.server: heatmap padding pct=0.080 box_area_ratio=0.4661 box=517.6x276.7
2026-05-29 14:40:37,357 [INFO] echostream.server: heatmap padding pct=0.080 box_area_ratio=0.4754 box=523.3x279.1
2026-05-29 14:40:37,386 [INFO] echostream.server: heatmap padding pct=0.080 box_area_ratio=0.4771 box=522.4x280.5
2026-05-29 14:40:37,421 [INFO] echostream.server: heatmap padding pct=0.080 box_area_ratio=0.4737 box=516.4x281.8
2026-05-29 14:40:37,455 [INFO] echostream.server: heatmap padding pct=0.080 box_area_ratio=0.4714 box=513.9x281.8
2026-05-29 14:40:37,494 [INFO] echostream.server: heatmap padding pct=0.080 box_area_ratio=0.4721 box=514.9x281.6
2026-05-29 14:40:37,717 [INFO] echostream.server: heatmap padding pct=0.080 box_area_ratio=0.4692 box=516.4x279.1
2026-05-29 14:40:37,754 [INFO] echostream.server: heatmap padding pct=0.080 box_area_ratio=0.4686 box=518.5x277.6
2026-05-29 14:40:37,790 [INFO] echostream.server: heatmap padding pct=0.080 box_area_ratio=0.4667 box=516.8x277.4
2026-05-29 14:40:37,825 [INFO] echostream.server: heatmap padding pct=0.080 box_area_ratio=0.4632 box=512.8x277.5
2026-05-29 14:40:37,862 [INFO] echostream.server: heatmap padding pct=0.080 box_area_ratio=0.4598 box=508.8x277.6
2026-05-29 14:40:38,058 [INFO] echostream.server: heatmap padding pct=0.080 box_area_ratio=0.4624 box=511.4x277.7
2026-05-29 14:40:38,093 [INFO] echostream.server: heatmap padding pct=0.080 box_area_ratio=0.4661 box=513.2x279.0
2026-05-29 14:40:38,128 [INFO] echostream.server: heatmap padding pct=0.080 box_area_ratio=0.4630 box=507.4x280.3
2026-05-29 14:40:38,164 [INFO] echostream.server: heatmap padding pct=0.080 box_area_ratio=0.4644 box=508.7x280.4
2026-05-29 14:40:38,197 [INFO] echostream.server: heatmap padding pct=0.080 box_area_ratio=0.4665 box=514.3x278.7
2026-05-29 14:40:38,420 [INFO] echostream.server: heatmap padding pct=0.080 box_area_ratio=0.4739 box=523.4x278.2
2026-05-29 14:40:38,461 [INFO] echostream.server: heatmap padding pct=0.080 box_area_ratio=0.4779 box=526.1x279.1
2026-05-29 14:40:38,499 [INFO] echostream.server: heatmap padding pct=0.080 box_area_ratio=0.4787 box=527.0x279.1
2026-05-29 14:40:38,538 [INFO] echostream.server: heatmap padding pct=0.080 box_area_ratio=0.4787 box=527.0x279.0
2026-05-29 14:40:38,578 [INFO] echostream.server: heatmap padding pct=0.080 box_area_ratio=0.4694 box=516.7x279.0
2026-05-29 14:40:38,784 [INFO] echostream.server: heatmap padding pct=0.080 box_area_ratio=0.4648 box=511.8x279.0
2026-05-29 14:40:38,823 [INFO] echostream.server: heatmap padding pct=0.080 box_area_ratio=0.4613 box=505.8x280.2
2026-05-29 14:40:38,863 [INFO] echostream.server: heatmap padding pct=0.080 box_area_ratio=0.4639 box=506.4x281.4
2026-05-29 14:40:38,900 [INFO] echostream.server: heatmap padding pct=0.080 box_area_ratio=0.4507 box=493.0x280.9
2026-05-29 14:40:38,938 [INFO] echostream.server: heatmap padding pct=0.080 box_area_ratio=0.4586 box=501.3x281.1
2026-05-29 14:40:39,158 [INFO] echostream.server: heatmap padding pct=0.080 box_area_ratio=0.4631 box=508.1x280.0
2026-05-29 14:40:39,198 [INFO] echostream.server: heatmap padding pct=0.080 box_area_ratio=0.4642 box=511.6x278.7
2026-05-29 14:40:39,237 [INFO] echostream.server: heatmap padding pct=0.080 box_area_ratio=0.4666 box=513.4x279.2
2026-05-29 14:40:39,279 [INFO] echostream.server: heatmap padding pct=0.080 box_area_ratio=0.4642 box=510.0x279.6
2026-05-29 14:40:39,318 [INFO] echostream.server: heatmap padding pct=0.080 box_area_ratio=0.4623 box=505.5x281.0
2026-05-29 14:40:39,507 [INFO] echostream.server: heatmap padding pct=0.080 box_area_ratio=0.4679 box=508.0x282.9
2026-05-29 14:40:39,542 [INFO] echostream.server: heatmap padding pct=0.080 box_area_ratio=0.4629 box=502.8x282.8
2026-05-29 14:40:39,577 [INFO] echostream.server: heatmap padding pct=0.080 box_area_ratio=0.4634 box=502.7x283.2
2026-05-29 14:40:39,613 [INFO] echostream.server: heatmap padding pct=0.080 box_area_ratio=0.4637 box=501.8x283.9
2026-05-29 14:40:39,650 [INFO] echostream.server: heatmap padding pct=0.080 box_area_ratio=0.4603 box=498.5x283.6
2026-05-29 14:40:39,860 [INFO] echostream.server: heatmap padding pct=0.080 box_area_ratio=0.4690 box=508.4x283.4
2026-05-29 14:40:39,897 [INFO] echostream.server: heatmap padding pct=0.080 box_area_ratio=0.4656 box=505.1x283.2
2026-05-29 14:40:39,933 [INFO] echostream.server: heatmap padding pct=0.080 box_area_ratio=0.4477 box=487.8x281.9
2026-05-29 14:40:39,971 [INFO] echostream.server: heatmap padding pct=0.080 box_area_ratio=0.4482 box=494.7x278.3
2026-05-29 14:40:40,011 [INFO] echostream.server: heatmap padding pct=0.080 box_area_ratio=0.4447 box=495.4x275.7
2026-05-29 14:40:40,197 [INFO] echostream.server: heatmap padding pct=0.080 box_area_ratio=0.4521 box=507.1x273.9
2026-05-29 14:40:40,232 [INFO] echostream.server: heatmap padding pct=0.080 box_area_ratio=0.4503 box=508.6x272.0
2026-05-29 14:40:40,268 [INFO] echostream.server: heatmap padding pct=0.080 box_area_ratio=0.4401 box=498.5x271.2
2026-05-29 14:40:40,304 [INFO] echostream.server: heatmap padding pct=0.080 box_area_ratio=0.4335 box=493.5x269.9
2026-05-29 14:40:40,342 [INFO] echostream.server: heatmap padding pct=0.080 box_area_ratio=0.4207 box=485.0x266.4
2026-05-29 14:40:40,550 [INFO] echostream.server: heatmap padding pct=0.080 box_area_ratio=0.4168 box=485.9x263.5
2026-05-29 14:40:40,583 [INFO] echostream.server: heatmap padding pct=0.080 box_area_ratio=0.3923 box=461.6x261.1
2026-05-29 14:40:40,617 [INFO] echostream.server: heatmap padding pct=0.080 box_area_ratio=0.3799 box=449.9x259.4
2026-05-29 14:40:40,652 [INFO] echostream.server: heatmap padding pct=0.080 box_area_ratio=0.3832 box=455.8x258.3
2026-05-29 14:40:40,686 [INFO] echostream.server: heatmap padding pct=0.080 box_area_ratio=0.3933 box=469.4x257.4
2026-05-29 14:40:40,888 [INFO] echostream.server: heatmap padding pct=0.080 box_area_ratio=0.4203 box=501.1x257.7
2026-05-29 14:40:40,928 [INFO] echostream.server: heatmap padding pct=0.080 box_area_ratio=0.4229 box=502.2x258.7
2026-05-29 14:40:40,964 [INFO] echostream.server: heatmap padding pct=0.080 box_area_ratio=0.3897 box=460.5x259.9
2026-05-29 14:40:41,001 [INFO] echostream.server: heatmap padding pct=0.080 box_area_ratio=0.4214 box=494.4x261.8
2026-05-29 14:40:41,036 [INFO] echostream.server: heatmap padding pct=0.080 box_area_ratio=0.4206 box=491.5x262.9
2026-05-29 14:40:41,226 [INFO] echostream.server: heatmap padding pct=0.080 box_area_ratio=0.4286 box=502.2x262.2
2026-05-29 14:40:41,253 [INFO] echostream.server: heatmap padding pct=0.080 box_area_ratio=0.4277 box=501.0x262.2
2026-05-29 14:40:41,286 [INFO] echostream.server: heatmap padding pct=0.080 box_area_ratio=0.4209 box=493.1x262.2
2026-05-29 14:40:41,322 [INFO] echostream.server: heatmap padding pct=0.080 box_area_ratio=0.4175 box=489.3x262.1
2026-05-29 14:40:41,356 [INFO] echostream.server: heatmap padding pct=0.080 box_area_ratio=0.4181 box=490.1x262.1
2026-05-29 14:40:41,559 [INFO] echostream.server: heatmap padding pct=0.080 box_area_ratio=0.4210 box=491.4x263.2
2026-05-29 14:40:41,586 [INFO] echostream.server: heatmap padding pct=0.080 box_area_ratio=0.4144 box=483.6x263.3
2026-05-29 14:40:41,614 [INFO] echostream.server: heatmap padding pct=0.080 box_area_ratio=0.4253 box=494.2x264.4
2026-05-29 14:40:41,654 [INFO] echostream.server: heatmap padding pct=0.080 box_area_ratio=0.4216 box=490.9x263.8
2026-05-29 14:40:41,693 [INFO] echostream.server: heatmap padding pct=0.080 box_area_ratio=0.4181 box=488.7x262.8
2026-05-29 14:40:41,885 [INFO] echostream.server: heatmap padding pct=0.080 box_area_ratio=0.4186 box=491.4x261.7
2026-05-29 14:40:41,917 [INFO] echostream.server: heatmap padding pct=0.080 box_area_ratio=0.4176 box=491.4x261.0
2026-05-29 14:40:41,945 [INFO] echostream.server: heatmap padding pct=0.080 box_area_ratio=0.4156 box=490.7x260.2
2026-05-29 14:40:41,981 [INFO] echostream.server: heatmap padding pct=0.080 box_area_ratio=0.4121 box=486.2x260.4
2026-05-29 14:40:42,018 [INFO] echostream.server: heatmap padding pct=0.080 box_area_ratio=0.4116 box=483.1x261.7
2026-05-29 14:40:42,218 [INFO] echostream.server: heatmap padding pct=0.080 box_area_ratio=0.4185 box=489.7x262.6
2026-05-29 14:40:42,247 [INFO] echostream.server: heatmap padding pct=0.080 box_area_ratio=0.4241 box=494.3x263.6
2026-05-29 14:40:42,278 [INFO] echostream.server: heatmap padding pct=0.080 box_area_ratio=0.4232 box=493.3x263.5
2026-05-29 14:40:42,307 [INFO] echostream.server: heatmap padding pct=0.080 box_area_ratio=0.4197 box=488.4x264.0
2026-05-29 14:40:42,346 [INFO] echostream.server: heatmap padding pct=0.080 box_area_ratio=0.4239 box=492.9x264.2
2026-05-29 14:40:42,538 [INFO] echostream.server: heatmap padding pct=0.080 box_area_ratio=0.4129 box=480.1x264.2
2026-05-29 14:40:42,574 [INFO] echostream.server: heatmap padding pct=0.080 box_area_ratio=0.4074 box=473.7x264.2
2026-05-29 14:40:42,604 [INFO] echostream.server: heatmap padding pct=0.080 box_area_ratio=0.4067 box=473.0x264.1
2026-05-29 14:40:42,636 [INFO] echostream.server: heatmap padding pct=0.080 box_area_ratio=0.4030 box=469.9x263.5
2026-05-29 14:40:42,664 [INFO] echostream.server: heatmap padding pct=0.080 box_area_ratio=0.4004 box=467.4x263.1
2026-05-29 14:40:42,853 [INFO] echostream.server: heatmap padding pct=0.080 box_area_ratio=0.3952 box=460.7x263.5
2026-05-29 14:40:42,881 [INFO] echostream.server: heatmap padding pct=0.080 box_area_ratio=0.3912 box=455.6x263.8
2026-05-29 14:40:42,913 [INFO] echostream.server: heatmap padding pct=0.080 box_area_ratio=0.3901 box=455.0x263.4
2026-05-29 14:40:42,942 [INFO] echostream.server: heatmap padding pct=0.080 box_area_ratio=0.3963 box=460.6x264.3
2026-05-29 14:40:42,971 [INFO] echostream.server: heatmap padding pct=0.080 box_area_ratio=0.4094 box=477.0x263.6
2026-05-29 14:40:43,157 [INFO] echostream.server: heatmap padding pct=0.080 box_area_ratio=0.4129 box=482.9x262.7
2026-05-29 14:40:43,186 [INFO] echostream.server: heatmap padding pct=0.080 box_area_ratio=0.4146 box=484.8x262.7
2026-05-29 14:40:43,214 [INFO] echostream.server: heatmap padding pct=0.080 box_area_ratio=0.4163 box=485.7x263.4
2026-05-29 14:40:43,244 [INFO] echostream.server: heatmap padding pct=0.080 box_area_ratio=0.4013 box=466.4x264.3
2026-05-29 14:40:43,279 [INFO] echostream.server: heatmap padding pct=0.080 box_area_ratio=0.3975 box=463.0x263.7
2026-05-29 14:40:43,459 [INFO] echostream.server: heatmap padding pct=0.080 box_area_ratio=0.4051 box=471.6x263.9
2026-05-29 14:40:43,497 [INFO] echostream.server: heatmap padding pct=0.080 box_area_ratio=0.4055 box=470.8x264.6
2026-05-29 14:40:43,526 [INFO] echostream.server: heatmap padding pct=0.080 box_area_ratio=0.4076 box=472.6x264.9
2026-05-29 14:40:43,555 [INFO] echostream.server: heatmap padding pct=0.080 box_area_ratio=0.4050 box=467.3x266.3
2026-05-29 14:40:43,620 [INFO] echostream.server: heatmap padding pct=0.080 box_area_ratio=0.4083 box=472.8x265.2
2026-05-29 14:40:43,817 [INFO] echostream.server: heatmap padding pct=0.080 box_area_ratio=0.4053 box=471.6x264.0
2026-05-29 14:40:43,855 [INFO] echostream.server: heatmap padding pct=0.080 box_area_ratio=0.3925 box=458.1x263.2
2026-05-29 14:40:43,894 [INFO] echostream.server: heatmap padding pct=0.080 box_area_ratio=0.3901 box=454.9x263.5
2026-05-29 14:40:43,933 [INFO] echostream.server: heatmap padding pct=0.080 box_area_ratio=0.4038 box=469.4x264.2
2026-05-29 14:40:43,960 [INFO] echostream.server: heatmap padding pct=0.080 box_area_ratio=0.4028 box=468.5x264.1
2026-05-29 14:40:44,159 [INFO] echostream.server: heatmap padding pct=0.080 box_area_ratio=0.4074 box=473.9x264.1
2026-05-29 14:40:44,195 [INFO] echostream.server: heatmap padding pct=0.080 box_area_ratio=0.4088 box=474.6x264.6
2026-05-29 14:40:44,235 [INFO] echostream.server: heatmap padding pct=0.080 box_area_ratio=0.4052 box=469.9x264.9
2026-05-29 14:40:44,270 [INFO] echostream.server: heatmap padding pct=0.080 box_area_ratio=0.3939 box=456.5x265.1
2026-05-29 14:40:44,300 [INFO] echostream.server: heatmap padding pct=0.080 box_area_ratio=0.3959 box=458.7x265.1
2026-05-29 14:40:44,566 [INFO] echostream.server: heatmap padding pct=0.080 box_area_ratio=0.3930 box=458.4x263.4
2026-05-29 14:40:44,604 [INFO] echostream.server: heatmap padding pct=0.080 box_area_ratio=0.3935 box=459.8x262.9
2026-05-29 14:40:44,644 [INFO] echostream.server: heatmap padding pct=0.080 box_area_ratio=0.3950 box=460.8x263.3
2026-05-29 14:40:44,688 [INFO] echostream.server: heatmap padding pct=0.080 box_area_ratio=0.3922 box=458.0x263.1
2026-05-29 14:40:44,724 [INFO] echostream.server: heatmap padding pct=0.080 box_area_ratio=0.3936 box=459.9x262.9
2026-05-29 14:40:44,965 [INFO] echostream.server: heatmap padding pct=0.080 box_area_ratio=0.3990 box=465.2x263.5
2026-05-29 14:40:45,004 [INFO] echostream.server: heatmap padding pct=0.080 box_area_ratio=0.4027 box=469.9x263.2
2026-05-29 14:40:45,044 [INFO] echostream.server: heatmap padding pct=0.080 box_area_ratio=0.4055 box=473.5x263.1
2026-05-29 14:40:45,088 [INFO] echostream.server: heatmap padding pct=0.080 box_area_ratio=0.4117 box=480.9x263.0
2026-05-29 14:40:45,126 [INFO] echostream.server: heatmap padding pct=0.080 box_area_ratio=0.4168 box=487.0x263.0
2026-05-29 14:40:45,366 [INFO] echostream.server: heatmap padding pct=0.080 box_area_ratio=0.4201 box=489.7x263.5
2026-05-29 14:40:45,402 [INFO] echostream.server: heatmap padding pct=0.080 box_area_ratio=0.4118 box=478.4x264.5
2026-05-29 14:40:45,440 [INFO] echostream.server: heatmap padding pct=0.080 box_area_ratio=0.4071 box=473.0x264.4
2026-05-29 14:40:45,481 [INFO] echostream.server: heatmap padding pct=0.080 box_area_ratio=0.4066 box=469.6x266.0
2026-05-29 14:40:45,520 [INFO] echostream.server: heatmap padding pct=0.080 box_area_ratio=0.3974 box=460.5x265.2
2026-05-29 14:40:45,768 [INFO] echostream.server: heatmap padding pct=0.080 box_area_ratio=0.3989 box=463.2x264.6
2026-05-29 14:40:45,806 [INFO] echostream.server: heatmap padding pct=0.080 box_area_ratio=0.4096 box=474.2x265.4
2026-05-29 14:40:45,844 [INFO] echostream.server: heatmap padding pct=0.080 box_area_ratio=0.4016 box=460.1x268.1
2026-05-29 14:40:45,886 [INFO] echostream.server: heatmap padding pct=0.080 box_area_ratio=0.4093 box=467.2x269.1
2026-05-29 14:40:45,924 [INFO] echostream.server: heatmap padding pct=0.080 box_area_ratio=0.4041 box=466.6x266.0
2026-05-29 14:40:46,161 [INFO] echostream.server: heatmap padding pct=0.080 box_area_ratio=0.4011 box=464.5x265.3
2026-05-29 14:40:46,197 [INFO] echostream.server: heatmap padding pct=0.080 box_area_ratio=0.4175 box=478.9x267.8
2026-05-29 14:40:46,236 [INFO] echostream.server: heatmap padding pct=0.080 box_area_ratio=0.4252 box=486.1x268.7
2026-05-29 14:40:46,274 [INFO] echostream.server: heatmap padding pct=0.080 box_area_ratio=0.4154 box=475.1x268.6
2026-05-29 14:40:46,313 [INFO] echostream.server: heatmap padding pct=0.080 box_area_ratio=0.4217 box=479.5x270.2
2026-05-29 14:40:46,552 [INFO] echostream.server: heatmap padding pct=0.080 box_area_ratio=0.4047 box=460.7x269.8
2026-05-29 14:40:46,590 [INFO] echostream.server: heatmap padding pct=0.080 box_area_ratio=0.4023 box=459.6x268.9
2026-05-29 14:40:46,631 [INFO] echostream.server: heatmap padding pct=0.080 box_area_ratio=0.4051 box=462.7x269.0
2026-05-29 14:40:46,669 [INFO] echostream.server: heatmap padding pct=0.080 box_area_ratio=0.4027 box=459.9x269.0
2026-05-29 14:40:46,707 [INFO] echostream.server: heatmap padding pct=0.080 box_area_ratio=0.4086 box=466.6x269.0
2026-05-29 14:40:46,918 [INFO] echostream.server: heatmap padding pct=0.080 box_area_ratio=0.4145 box=471.4x270.1
2026-05-29 14:40:46,953 [INFO] echostream.server: heatmap padding pct=0.080 box_area_ratio=0.4152 box=471.0x270.8
2026-05-29 14:40:46,989 [INFO] echostream.server: heatmap padding pct=0.080 box_area_ratio=0.4092 box=464.7x270.6
2026-05-29 14:40:47,027 [INFO] echostream.server: heatmap padding pct=0.080 box_area_ratio=0.4106 box=466.6x270.3
2026-05-29 14:40:47,056 [INFO] echostream.server: heatmap padding pct=0.080 box_area_ratio=0.4030 box=459.2x269.6
2026-05-29 14:40:47,275 [INFO] echostream.server: heatmap padding pct=0.080 box_area_ratio=0.4090 box=467.8x268.6
2026-05-29 14:40:47,311 [INFO] echostream.server: heatmap padding pct=0.080 box_area_ratio=0.4083 box=469.0x267.5
2026-05-29 14:40:47,347 [INFO] echostream.server: heatmap padding pct=0.080 box_area_ratio=0.4093 box=470.1x267.5
2026-05-29 14:40:47,382 [INFO] echostream.server: heatmap padding pct=0.080 box_area_ratio=0.4063 box=466.5x267.6
2026-05-29 14:40:47,414 [INFO] echostream.server: heatmap padding pct=0.080 box_area_ratio=0.4100 box=469.5x268.3
2026-05-29 14:40:47,643 [INFO] echostream.server: heatmap padding pct=0.080 box_area_ratio=0.4209 box=482.2x268.2
2026-05-29 14:40:47,679 [INFO] echostream.server: heatmap padding pct=0.080 box_area_ratio=0.4311 box=494.0x268.1
2026-05-29 14:40:47,712 [INFO] echostream.server: heatmap padding pct=0.080 box_area_ratio=0.4232 box=486.2x267.4
2026-05-29 14:40:47,753 [INFO] echostream.server: heatmap padding pct=0.080 box_area_ratio=0.4168 box=475.3x269.4
2026-05-29 14:40:47,784 [INFO] echostream.server: heatmap padding pct=0.080 box_area_ratio=0.4138 box=468.9x271.1
2026-05-29 14:40:48,008 [INFO] echostream.server: heatmap padding pct=0.080 box_area_ratio=0.4174 box=475.4x269.7
2026-05-29 14:40:48,042 [INFO] echostream.server: heatmap padding pct=0.080 box_area_ratio=0.4125 box=470.4x269.4
2026-05-29 14:40:48,077 [INFO] echostream.server: heatmap padding pct=0.080 box_area_ratio=0.4122 box=470.5x269.1
2026-05-29 14:40:48,114 [INFO] echostream.server: heatmap padding pct=0.080 box_area_ratio=0.4078 box=465.7x269.0
2026-05-29 14:40:48,146 [INFO] echostream.server: heatmap padding pct=0.080 box_area_ratio=0.4101 box=465.4x270.7
2026-05-29 14:40:48,390 [INFO] echostream.server: heatmap padding pct=0.080 box_area_ratio=0.4058 box=463.9x268.8
2026-05-29 14:40:48,425 [INFO] echostream.server: heatmap padding pct=0.080 box_area_ratio=0.4049 box=463.8x268.2
2026-05-29 14:40:48,460 [INFO] echostream.server: heatmap padding pct=0.080 box_area_ratio=0.3988 box=455.4x269.1
2026-05-29 14:40:48,496 [INFO] echostream.server: heatmap padding pct=0.080 box_area_ratio=0.4013 box=458.2x269.0
2026-05-29 14:40:48,534 [INFO] echostream.server: heatmap padding pct=0.080 box_area_ratio=0.3978 box=452.3x270.2
2026-05-29 14:40:48,749 [INFO] echostream.server: heatmap padding pct=0.080 box_area_ratio=0.3929 box=448.6x269.1
2026-05-29 14:40:48,785 [INFO] echostream.server: heatmap padding pct=0.080 box_area_ratio=0.3879 box=444.0x268.4
2026-05-29 14:40:48,821 [INFO] echostream.server: heatmap padding pct=0.080 box_area_ratio=0.3850 box=441.3x268.0
2026-05-29 14:40:48,857 [INFO] echostream.server: heatmap padding pct=0.080 box_area_ratio=0.3837 box=439.1x268.5
2026-05-29 14:40:48,889 [INFO] echostream.server: heatmap padding pct=0.080 box_area_ratio=0.3840 box=439.0x268.7
2026-05-29 14:40:49,115 [INFO] echostream.server: heatmap padding pct=0.080 box_area_ratio=0.3923 box=446.3x270.1
2026-05-29 14:40:49,152 [INFO] echostream.server: heatmap padding pct=0.080 box_area_ratio=0.3985 box=453.0x270.2
2026-05-29 14:40:49,189 [INFO] echostream.server: heatmap padding pct=0.080 box_area_ratio=0.4028 box=457.9x270.3
2026-05-29 14:40:49,225 [INFO] echostream.server: heatmap padding pct=0.080 box_area_ratio=0.4056 box=460.1x270.8
2026-05-29 14:40:49,254 [INFO] echostream.server: heatmap padding pct=0.080 box_area_ratio=0.4072 box=461.4x271.1
2026-05-29 14:40:49,459 [INFO] echostream.server: heatmap padding pct=0.080 box_area_ratio=0.4056 box=460.5x270.6
2026-05-29 14:40:49,498 [INFO] echostream.server: heatmap padding pct=0.080 box_area_ratio=0.4111 box=468.3x269.7
2026-05-29 14:40:49,536 [INFO] echostream.server: heatmap padding pct=0.080 box_area_ratio=0.4107 box=466.8x270.3
2026-05-29 14:40:49,573 [INFO] echostream.server: heatmap padding pct=0.080 box_area_ratio=0.4105 box=464.8x271.3
2026-05-29 14:40:49,601 [INFO] echostream.server: heatmap padding pct=0.080 box_area_ratio=0.4140 box=466.8x272.4
2026-05-29 14:40:49,817 [INFO] echostream.server: heatmap padding pct=0.080 box_area_ratio=0.4133 box=465.0x273.0
2026-05-29 14:40:49,854 [INFO] echostream.server: heatmap padding pct=0.080 box_area_ratio=0.4085 box=459.2x273.3
2026-05-29 14:40:49,893 [INFO] echostream.server: heatmap padding pct=0.080 box_area_ratio=0.4068 box=458.2x272.7
2026-05-29 14:40:49,933 [INFO] echostream.server: heatmap padding pct=0.080 box_area_ratio=0.4040 box=455.7x272.4
2026-05-29 14:40:49,960 [INFO] echostream.server: heatmap padding pct=0.080 box_area_ratio=0.3971 box=449.2x271.6
2026-05-29 14:40:50,160 [INFO] echostream.server: heatmap padding pct=0.080 box_area_ratio=0.3931 box=446.4x270.5
2026-05-29 14:40:50,199 [INFO] echostream.server: heatmap padding pct=0.080 box_area_ratio=0.3919 box=445.9x270.0
2026-05-29 14:40:50,234 [INFO] echostream.server: heatmap padding pct=0.080 box_area_ratio=0.3941 box=450.8x268.6
2026-05-29 14:40:50,270 [INFO] echostream.server: heatmap padding pct=0.080 box_area_ratio=0.4004 box=459.1x267.9
2026-05-29 14:40:50,302 [INFO] echostream.server: heatmap padding pct=0.080 box_area_ratio=0.4010 box=460.4x267.6
2026-05-29 14:40:50,528 [INFO] echostream.server: heatmap padding pct=0.080 box_area_ratio=0.4058 box=462.9x269.3
2026-05-29 14:40:50,561 [INFO] echostream.server: heatmap padding pct=0.080 box_area_ratio=0.4072 box=461.7x271.0
2026-05-29 14:40:50,597 [INFO] echostream.server: heatmap padding pct=0.080 box_area_ratio=0.4074 box=462.4x270.7
2026-05-29 14:40:50,635 [INFO] echostream.server: heatmap padding pct=0.080 box_area_ratio=0.4127 box=467.8x271.0
2026-05-29 14:40:50,672 [INFO] echostream.server: heatmap padding pct=0.080 box_area_ratio=0.4165 box=471.9x271.2
2026-05-29 14:40:50,888 [INFO] echostream.server: heatmap padding pct=0.080 box_area_ratio=0.4160 box=473.3x270.0
2026-05-29 14:40:50,923 [INFO] echostream.server: heatmap padding pct=0.080 box_area_ratio=0.4114 box=471.3x268.2
2026-05-29 14:40:50,957 [INFO] echostream.server: heatmap padding pct=0.080 box_area_ratio=0.4058 box=464.6x268.3
2026-05-29 14:40:50,990 [INFO] echostream.server: heatmap padding pct=0.080 box_area_ratio=0.4034 box=460.6x269.1
2026-05-29 14:40:51,020 [INFO] echostream.server: heatmap padding pct=0.080 box_area_ratio=0.4017 box=459.7x268.4
2026-05-29 14:40:51,236 [INFO] echostream.server: heatmap padding pct=0.080 box_area_ratio=0.4084 box=470.0x266.9
2026-05-29 14:40:51,271 [INFO] echostream.server: heatmap padding pct=0.080 box_area_ratio=0.4128 box=474.5x267.3
2026-05-29 14:40:51,309 [INFO] echostream.server: heatmap padding pct=0.080 box_area_ratio=0.4177 box=479.6x267.5
2026-05-29 14:40:51,343 [INFO] echostream.server: heatmap padding pct=0.080 box_area_ratio=0.4119 box=471.6x268.3
2026-05-29 14:40:51,379 [INFO] echostream.server: heatmap padding pct=0.080 box_area_ratio=0.4169 box=477.5x268.2
2026-05-29 14:40:51,592 [INFO] echostream.server: heatmap padding pct=0.080 box_area_ratio=0.4143 box=471.6x269.9
2026-05-29 14:40:51,627 [INFO] echostream.server: heatmap padding pct=0.080 box_area_ratio=0.4083 box=462.2x271.4
2026-05-29 14:40:51,665 [INFO] echostream.server: heatmap padding pct=0.080 box_area_ratio=0.4058 box=458.1x272.1
2026-05-29 14:40:51,699 [INFO] echostream.server: heatmap padding pct=0.080 box_area_ratio=0.4112 box=465.6x271.3
2026-05-29 14:40:51,730 [INFO] echostream.server: heatmap padding pct=0.080 box_area_ratio=0.4107 box=464.2x271.8
2026-05-29 14:40:51,944 [INFO] echostream.server: heatmap padding pct=0.080 box_area_ratio=0.4105 box=468.5x269.2
2026-05-29 14:40:51,982 [INFO] echostream.server: heatmap padding pct=0.080 box_area_ratio=0.4068 box=467.0x267.6
2026-05-29 14:40:52,020 [INFO] echostream.server: heatmap padding pct=0.080 box_area_ratio=0.4012 box=461.9x266.8
2026-05-29 14:40:52,055 [INFO] echostream.server: heatmap padding pct=0.080 box_area_ratio=0.4026 box=463.0x267.1
2026-05-29 14:40:52,087 [INFO] echostream.server: heatmap padding pct=0.080 box_area_ratio=0.4053 box=465.6x267.4
2026-05-29 14:40:52,296 [INFO] echostream.server: heatmap padding pct=0.080 box_area_ratio=0.4125 box=472.4x268.2
2026-05-29 14:40:52,332 [INFO] echostream.server: heatmap padding pct=0.080 box_area_ratio=0.4098 box=466.4x269.9
2026-05-29 14:40:52,366 [INFO] echostream.server: heatmap padding pct=0.080 box_area_ratio=0.4078 box=462.5x270.8
2026-05-29 14:40:52,405 [INFO] echostream.server: heatmap padding pct=0.080 box_area_ratio=0.4009 box=454.0x271.3
2026-05-29 14:40:52,435 [INFO] echostream.server: heatmap padding pct=0.080 box_area_ratio=0.3938 box=447.7x270.2
2026-05-29 14:40:52,653 [INFO] echostream.server: heatmap padding pct=0.080 box_area_ratio=0.3959 box=449.3x270.7
2026-05-29 14:40:52,688 [INFO] echostream.server: heatmap padding pct=0.080 box_area_ratio=0.4055 box=460.7x270.4
2026-05-29 14:40:52,724 [INFO] echostream.server: heatmap padding pct=0.080 box_area_ratio=0.4066 box=461.3x270.7
2026-05-29 14:40:52,758 [INFO] echostream.server: heatmap padding pct=0.080 box_area_ratio=0.4139 box=472.3x269.2
2026-05-29 14:40:52,790 [INFO] echostream.server: heatmap padding pct=0.080 box_area_ratio=0.4128 box=469.6x270.1
2026-05-29 14:40:52,989 [INFO] echostream.server: heatmap padding pct=0.080 box_area_ratio=0.4117 box=467.3x270.6
2026-05-29 14:40:53,021 [INFO] echostream.server: heatmap padding pct=0.080 box_area_ratio=0.4092 box=464.0x270.9
2026-05-29 14:40:53,054 [INFO] echostream.server: heatmap padding pct=0.080 box_area_ratio=0.4045 box=458.5x271.1
2026-05-29 14:40:53,091 [INFO] echostream.server: heatmap padding pct=0.080 box_area_ratio=0.4045 box=458.3x271.1
2026-05-29 14:40:53,123 [INFO] echostream.server: heatmap padding pct=0.080 box_area_ratio=0.4022 box=455.7x271.1
2026-05-29 14:40:53,340 [INFO] echostream.server: heatmap padding pct=0.080 box_area_ratio=0.4139 box=470.1x270.5
2026-05-29 14:40:53,375 [INFO] echostream.server: heatmap padding pct=0.080 box_area_ratio=0.4107 box=467.0x270.2
2026-05-29 14:40:53,410 [INFO] echostream.server: heatmap padding pct=0.080 box_area_ratio=0.4226 box=480.9x270.0
2026-05-29 14:40:53,445 [INFO] echostream.server: heatmap padding pct=0.080 box_area_ratio=0.4303 box=489.8x269.9
2026-05-29 14:40:53,472 [INFO] echostream.server: heatmap padding pct=0.080 box_area_ratio=0.4209 box=476.0x271.6
2026-05-29 14:40:53,675 [INFO] echostream.server: heatmap padding pct=0.080 box_area_ratio=0.4144 box=468.9x271.5
2026-05-29 14:40:53,714 [INFO] echostream.server: heatmap padding pct=0.080 box_area_ratio=0.4115 box=464.9x271.9
2026-05-29 14:40:53,757 [INFO] echostream.server: heatmap padding pct=0.080 box_area_ratio=0.4127 box=465.9x272.1
2026-05-29 14:40:53,796 [INFO] echostream.server: heatmap padding pct=0.080 box_area_ratio=0.4105 box=462.3x272.7
2026-05-29 14:40:53,825 [INFO] echostream.server: heatmap padding pct=0.080 box_area_ratio=0.4082 box=458.2x273.6
2026-05-29 14:40:54,029 [INFO] echostream.server: heatmap padding pct=0.080 box_area_ratio=0.4198 box=469.6x274.7
2026-05-29 14:40:54,064 [INFO] echostream.server: heatmap padding pct=0.080 box_area_ratio=0.4221 box=471.3x275.2
2026-05-29 14:40:54,100 [INFO] echostream.server: heatmap padding pct=0.080 box_area_ratio=0.4195 box=469.1x274.8
2026-05-29 14:40:54,137 [INFO] echostream.server: heatmap padding pct=0.080 box_area_ratio=0.4192 box=469.2x274.4
2026-05-29 14:40:54,169 [INFO] echostream.server: heatmap padding pct=0.080 box_area_ratio=0.4203 box=469.8x274.8
2026-05-29 14:40:54,386 [INFO] echostream.server: heatmap padding pct=0.080 box_area_ratio=0.4239 box=473.6x275.0
2026-05-29 14:40:54,425 [INFO] echostream.server: heatmap padding pct=0.080 box_area_ratio=0.4218 box=471.0x275.1
2026-05-29 14:40:54,463 [INFO] echostream.server: heatmap padding pct=0.080 box_area_ratio=0.4184 box=468.2x274.5
2026-05-29 14:40:54,497 [INFO] echostream.server: heatmap padding pct=0.080 box_area_ratio=0.4150 box=466.0x273.6
2026-05-29 14:40:54,529 [INFO] echostream.server: heatmap padding pct=0.080 box_area_ratio=0.4100 box=460.2x273.7
2026-05-29 14:40:54,742 [INFO] echostream.server: heatmap padding pct=0.080 box_area_ratio=0.4194 box=468.7x274.9
2026-05-29 14:40:54,778 [INFO] echostream.server: heatmap padding pct=0.080 box_area_ratio=0.4144 box=461.8x275.7
2026-05-29 14:40:54,814 [INFO] echostream.server: heatmap padding pct=0.080 box_area_ratio=0.4075 box=455.4x274.9
2026-05-29 14:40:54,850 [INFO] echostream.server: heatmap padding pct=0.080 box_area_ratio=0.4056 box=456.1x273.2
2026-05-29 14:40:54,884 [INFO] echostream.server: heatmap padding pct=0.080 box_area_ratio=0.4146 box=466.8x272.9
2026-05-29 14:40:55,093 [INFO] echostream.server: heatmap padding pct=0.080 box_area_ratio=0.4129 box=465.1x272.7
2026-05-29 14:40:55,126 [INFO] echostream.server: heatmap padding pct=0.080 box_area_ratio=0.4121 box=463.2x273.3
2026-05-29 14:40:55,160 [INFO] echostream.server: heatmap padding pct=0.080 box_area_ratio=0.4126 box=463.1x273.7
2026-05-29 14:40:55,193 [INFO] echostream.server: heatmap padding pct=0.080 box_area_ratio=0.4058 box=456.1x273.3
2026-05-29 14:40:55,229 [INFO] echostream.server: heatmap padding pct=0.080 box_area_ratio=0.4074 box=457.3x273.7
2026-05-29 14:40:55,458 [INFO] echostream.server: heatmap padding pct=0.080 box_area_ratio=0.4128 box=463.0x273.9
2026-05-29 14:40:55,496 [INFO] echostream.server: heatmap padding pct=0.080 box_area_ratio=0.4181 box=468.7x274.0
2026-05-29 14:40:55,532 [INFO] echostream.server: heatmap padding pct=0.080 box_area_ratio=0.4172 box=470.7x272.3
2026-05-29 14:40:55,568 [INFO] echostream.server: heatmap padding pct=0.080 box_area_ratio=0.4163 box=471.3x271.3
2026-05-29 14:40:55,600 [INFO] echostream.server: heatmap padding pct=0.080 box_area_ratio=0.4141 box=469.6x270.9
2026-05-29 14:40:55,826 [INFO] echostream.server: heatmap padding pct=0.080 box_area_ratio=0.4127 box=468.4x270.7
2026-05-29 14:40:55,861 [INFO] echostream.server: heatmap padding pct=0.080 box_area_ratio=0.4100 box=462.3x272.4
2026-05-29 14:40:55,899 [INFO] echostream.server: heatmap padding pct=0.080 box_area_ratio=0.4116 box=462.4x273.5
2026-05-29 14:40:55,937 [INFO] echostream.server: heatmap padding pct=0.080 box_area_ratio=0.4090 box=460.4x272.9
2026-05-29 14:40:55,969 [INFO] echostream.server: heatmap padding pct=0.080 box_area_ratio=0.4120 box=460.7x274.7
2026-05-29 14:40:56,196 [INFO] echostream.server: heatmap padding pct=0.080 box_area_ratio=0.4116 box=463.3x272.9
2026-05-29 14:40:56,232 [INFO] echostream.server: heatmap padding pct=0.080 box_area_ratio=0.4117 box=464.5x272.3
2026-05-29 14:40:56,269 [INFO] echostream.server: heatmap padding pct=0.080 box_area_ratio=0.4228 box=475.4x273.2
2026-05-29 14:40:56,304 [INFO] echostream.server: heatmap padding pct=0.080 box_area_ratio=0.4306 box=483.4x273.7
2026-05-29 14:40:56,335 [INFO] echostream.server: heatmap padding pct=0.080 box_area_ratio=0.4280 box=480.9x273.4
2026-05-29 14:40:56,564 [INFO] echostream.server: heatmap padding pct=0.080 box_area_ratio=0.4265 box=487.9x268.6
2026-05-29 14:40:56,600 [INFO] echostream.server: heatmap padding pct=0.080 box_area_ratio=0.4194 box=476.4x270.4
2026-05-29 14:40:56,634 [INFO] echostream.server: heatmap padding pct=0.080 box_area_ratio=0.4184 box=475.0x270.6
2026-05-29 14:40:56,669 [INFO] echostream.server: heatmap padding pct=0.080 box_area_ratio=0.4070 box=465.8x268.4
2026-05-29 14:40:56,705 [INFO] echostream.server: heatmap padding pct=0.080 box_area_ratio=0.4017 box=457.8x269.5
2026-05-29 14:40:56,924 [INFO] echostream.server: heatmap padding pct=0.080 box_area_ratio=0.4037 box=460.8x269.1
2026-05-29 14:40:56,960 [INFO] echostream.server: heatmap padding pct=0.080 box_area_ratio=0.4080 box=465.1x269.5
2026-05-29 14:40:56,999 [INFO] echostream.server: heatmap padding pct=0.080 box_area_ratio=0.4114 box=468.5x269.8
2026-05-29 14:40:57,038 [INFO] echostream.server: heatmap padding pct=0.080 box_area_ratio=0.4126 box=471.6x268.8
2026-05-29 14:40:57,071 [INFO] echostream.server: heatmap padding pct=0.080 box_area_ratio=0.4144 box=472.6x269.4
